sticker_id,title,file_url,thumbnail_url,tags,emotions,category,language,has_text,is_animated,content_type,file_format,source,source_page_url,nsfw_score,game_usability,status,scraped_at,fingerprint
ed296fec-1baa-4328-9568-7df5c59c2336,SigStick logo,https://www.sigstick.com/_next/image?url=%2F_next%2Fstatic%2Fmedia%2Flogo.8c3df046.webp&w=96&q=75,https://www.sigstick.com/_next/image?url=%2F_next%2Fstatic%2Fmedia%2Flogo.8c3df046.webp&w=96&q=75,sigstick|logo,,reactions,none,False,False,image,webp,generic,https://www.sigstick.com/pack/xbOMgxBakKhd7SHeQ8FZ-hindi-stickers,0,5,approved,2026-05-11T15:51:10.604937+00:00,0a3654ff6daa49b02bc82f341f385ae1b7fdfa078ad11cce4284183bb22e2b17
164c58b7-2d43-477f-9a25-8a256ad7bedf,Sticker pack cover,https://cdn2.cdnstep.com/xbOMgxBakKhd7SHeQ8FZ/cover.thumb256.png,https://cdn2.cdnstep.com/xbOMgxBakKhd7SHeQ8FZ/cover.thumb256.png,sticker|pack|cover,,reactions,none,False,False,image,png,generic,https://www.sigstick.com/pack/xbOMgxBakKhd7SHeQ8FZ-hindi-stickers,0,5,approved,2026-05-11T15:51:18.772665+00:00,20a8845f153ce6116a37264e7185b6e7adce2e814d24dd24e49bdfac70ae2d4c
cd7328b1-1e35-4bf4-8017-1e96305bd348,sticker,https://cdn2.cdnstep.com/xbOMgxBakKhd7SHeQ8FZ/0.thumb128.png,https://cdn2.cdnstep.com/xbOMgxBakKhd7SHeQ8FZ/0.thumb128.png,sticker,,reactions,none,False,False,image,png,generic,https://www.sigstick.com/pack/xbOMgxBakKhd7SHeQ8FZ-hindi-stickers,0,5,approved,2026-05-11T15:51:43.136029+00:00,7f0558932aa79719da0596bc221910da9c26fd3a67c69417a11083038c2f8d5d
f65f5e52-e133-4911-9043-ed4b3ab31ec4,sticker,https://cdn2.cdnstep.com/xbOMgxBakKhd7SHeQ8FZ/1.thumb128.png,https://cdn2.cdnstep.com/xbOMgxBakKhd7SHeQ8FZ/1.thumb128.png,sticker,,reactions,none,False,False,image,png,generic,https://www.sigstick.com/pack/xbOMgxBakKhd7SHeQ8FZ-hindi-stickers,0,5,approved,2026-05-11T15:51:51.257114+00:00,a208c1a54116b6afddc5ae062297c5da7baaa3a174cebe307ec5f5f0806145e8
d88faa31-efab-4657-a768-100031cc8fa0,sticker,https://cdn2.cdnstep.com/xbOMgxBakKhd7SHeQ8FZ/2.thumb128.png,https://cdn2.cdnstep.com/xbOMgxBakKhd7SHeQ8FZ/2.thumb128.png,sticker,,reactions,none,False,False,image,png,generic,https://www.sigstick.com/pack/xbOMgxBakKhd7SHeQ8FZ-hindi-stickers,0,5,approved,2026-05-11T15:51:59.373823+00:00,6fd4fdd3770f7a0f7cde6f35f25507c36aaf748707c5955f440f710e981cde41
a5c5e3f5-367f-4780-bc0a-fb52c3cf9c76,sticker,https://cdn2.cdnstep.com/xbOMgxBakKhd7SHeQ8FZ/3.thumb128.png,https://cdn2.cdnstep.com/xbOMgxBakKhd7SHeQ8FZ/3.thumb128.png,sticker,,reactions,none,False,False,image,png,generic,https://www.sigstick.com/pack/xbOMgxBakKhd7SHeQ8FZ-hindi-stickers,0,5,approved,2026-05-11T15:52:07.483304+00:00,ce8021d0baa129169a15dd5d2d85556c53dc2b263421c1ec6496c13639e43a61
f23c2faf-f829-4dec-badc-62be99867092,sticker,https://cdn2.cdnstep.com/xbOMgxBakKhd7SHeQ8FZ/4.thumb128.png,https://cdn2.cdnstep.com/xbOMgxBakKhd7SHeQ8FZ/4.thumb128.png,sticker,,reactions,none,False,False,image,png,generic,https://www.sigstick.com/pack/xbOMgxBakKhd7SHeQ8FZ-hindi-stickers,0,5,approved,2026-05-11T15:52:15.608051+00:00,10a66f6923b338a185ebc4d8f9c745b09ec0184fa3aee3eae3ed10c2f7cfd195
2124b694-cea5-4fa7-9f57-c6c83f75ef39,sticker,https://cdn2.cdnstep.com/xbOMgxBakKhd7SHeQ8FZ/5.thumb128.png,https://cdn2.cdnstep.com/xbOMgxBakKhd7SHeQ8FZ/5.thumb128.png,sticker,,reactions,none,False,False,image,png,generic,https://www.sigstick.com/pack/xbOMgxBakKhd7SHeQ8FZ-hindi-stickers,0,5,approved,2026-05-11T15:52:23.746743+00:00,6cb8a056d3a6e5b57e36ecef57acbdf2c24ce2331b39634cecca7f661b07c1ec
9e78625b-169b-4ddc-8f26-3fb0b6755d7d,sticker,https://cdn2.cdnstep.com/xbOMgxBakKhd7SHeQ8FZ/6.thumb128.png,https://cdn2.cdnstep.com/xbOMgxBakKhd7SHeQ8FZ/6.thumb128.png,sticker,,reactions,none,False,False,image,png,generic,https://www.sigstick.com/pack/xbOMgxBakKhd7SHeQ8FZ-hindi-stickers,0,5,approved,2026-05-11T15:52:31.871414+00:00,12c7dc8ba51a854c00a60295998bf2df4c08d50f6e76f26ea46cc3c50b596062
686e3743-439d-47dd-ba80-1b1a562ed0c7,sticker,https://cdn2.cdnstep.com/xbOMgxBakKhd7SHeQ8FZ/7.thumb128.png,https://cdn2.cdnstep.com/xbOMgxBakKhd7SHeQ8FZ/7.thumb128.png,sticker,,reactions,none,False,False,image,png,generic,https://www.sigstick.com/pack/xbOMgxBakKhd7SHeQ8FZ-hindi-stickers,0,5,approved,2026-05-11T15:52:40.008100+00:00,bb41e9aeb8675caddeafa77896998fce172a0526ffe15f75805c34ba41d4d3c0
c85911ed-a50b-4a2b-8a90-0bb2fdaf8c2f,sticker,https://cdn2.cdnstep.com/xbOMgxBakKhd7SHeQ8FZ/8.thumb128.png,https://cdn2.cdnstep.com/xbOMgxBakKhd7SHeQ8FZ/8.thumb128.png,sticker,,reactions,none,False,False,image,png,generic,https://www.sigstick.com/pack/xbOMgxBakKhd7SHeQ8FZ-hindi-stickers,0,5,approved,2026-05-11T15:52:48.124074+00:00,1ce130797b1b4692bf9a9b938630d924fe97ae68a07649fa3260c36fffd92784
f832bdb7-f4b6-4961-a038-a0fe5d6085e4,sticker,https://cdn2.cdnstep.com/xbOMgxBakKhd7SHeQ8FZ/9.thumb128.png,https://cdn2.cdnstep.com/xbOMgxBakKhd7SHeQ8FZ/9.thumb128.png,sticker,,reactions,none,False,False,image,png,generic,https://www.sigstick.com/pack/xbOMgxBakKhd7SHeQ8FZ-hindi-stickers,0,5,approved,2026-05-11T15:52:56.240456+00:00,6618ece660f3c2694c28cf4b827d1c9ba3ea529b0d128613a59ba30d04148a90
764af631-fdc0-475f-8038-468581cd2ef8,sticker,https://cdn2.cdnstep.com/xbOMgxBakKhd7SHeQ8FZ/10.thumb128.png,https://cdn2.cdnstep.com/xbOMgxBakKhd7SHeQ8FZ/10.thumb128.png,sticker,,reactions,none,False,False,image,png,generic,https://www.sigstick.com/pack/xbOMgxBakKhd7SHeQ8FZ-hindi-stickers,0,5,approved,2026-05-11T15:53:04.368603+00:00,3000fdd1e2739e9a181e5e3822d6b7ea8f6adb4ba511f28c2113bf989ee978ec
74e437ec-5298-472d-b983-b6828f67dbf8,sticker,https://cdn2.cdnstep.com/xbOMgxBakKhd7SHeQ8FZ/11.thumb128.png,https://cdn2.cdnstep.com/xbOMgxBakKhd7SHeQ8FZ/11.thumb128.png,sticker,,reactions,none,False,False,image,png,generic,https://www.sigstick.com/pack/xbOMgxBakKhd7SHeQ8FZ-hindi-stickers,0,5,approved,2026-05-11T15:53:12.487504+00:00,625a5e3ad76d6ccd5a4c3f512f2b4f32f41d5e43059c3fc1edf6cfe1e8460044
10c173a2-4ed0-434a-a8b5-0c1298079b5c,sticker,https://cdn2.cdnstep.com/xbOMgxBakKhd7SHeQ8FZ/12.thumb128.png,https://cdn2.cdnstep.com/xbOMgxBakKhd7SHeQ8FZ/12.thumb128.png,sticker,,reactions,none,False,False,image,png,generic,https://www.sigstick.com/pack/xbOMgxBakKhd7SHeQ8FZ-hindi-stickers,0,5,approved,2026-05-11T15:53:20.593776+00:00,18c8a50af5e795e5bb744a32823778ee2af8b3501844031d385cf19f65069ee7
7965a0a0-bb5b-44a2-9921-626633be62b3,sticker,https://cdn2.cdnstep.com/xbOMgxBakKhd7SHeQ8FZ/13.thumb128.png,https://cdn2.cdnstep.com/xbOMgxBakKhd7SHeQ8FZ/13.thumb128.png,sticker,,reactions,none,False,False,image,png,generic,https://www.sigstick.com/pack/xbOMgxBakKhd7SHeQ8FZ-hindi-stickers,0,5,approved,2026-05-11T15:53:28.740938+00:00,e30e15d809eeeeb9e0542a304810d67163a26a531b7090b2720e38a8ac70dc86
e6eb919e-75e2-496b-997a-11eac6f4697a,sticker,https://cdn2.cdnstep.com/xbOMgxBakKhd7SHeQ8FZ/14.thumb128.png,https://cdn2.cdnstep.com/xbOMgxBakKhd7SHeQ8FZ/14.thumb128.png,sticker,,reactions,none,False,False,image,png,generic,https://www.sigstick.com/pack/xbOMgxBakKhd7SHeQ8FZ-hindi-stickers,0,5,approved,2026-05-11T15:53:36.862871+00:00,b4f0e7ec8d70bc8f043df530c1d7cbda2fef4b046e33eb7c55c569697784e704
dc17691a-fae3-432b-9aea-a1c4abefd2b3,sticker,https://cdn2.cdnstep.com/xbOMgxBakKhd7SHeQ8FZ/15.thumb128.png,https://cdn2.cdnstep.com/xbOMgxBakKhd7SHeQ8FZ/15.thumb128.png,sticker,,reactions,none,False,False,image,png,generic,https://www.sigstick.com/pack/xbOMgxBakKhd7SHeQ8FZ-hindi-stickers,0,5,approved,2026-05-11T15:53:44.978063+00:00,bba382ba5935d5d0cfa6a344769b7a6610e6fa0409101d2850ec5deb2040f025
f7bfb0a6-09e2-4154-aa99-981e806adf10,sticker,https://cdn2.cdnstep.com/xbOMgxBakKhd7SHeQ8FZ/16.thumb128.png,https://cdn2.cdnstep.com/xbOMgxBakKhd7SHeQ8FZ/16.thumb128.png,sticker,,reactions,none,False,False,image,png,generic,https://www.sigstick.com/pack/xbOMgxBakKhd7SHeQ8FZ-hindi-stickers,0,5,approved,2026-05-11T15:53:53.116351+00:00,6d3c28d12fb8f457620e73a2fa115549f0e53a7c2b62435c0c00105c43d3b9c6
67dad5ab-cdb9-427d-b1f0-edded0832e0e,sticker,https://cdn2.cdnstep.com/xbOMgxBakKhd7SHeQ8FZ/17.thumb128.png,https://cdn2.cdnstep.com/xbOMgxBakKhd7SHeQ8FZ/17.thumb128.png,sticker,,reactions,none,False,False,image,png,generic,https://www.sigstick.com/pack/xbOMgxBakKhd7SHeQ8FZ-hindi-stickers,0,5,approved,2026-05-11T15:54:01.265951+00:00,96b6c479b234d1c57fe7ac94cbe5cd37e3c4da7da700b3303e26838b2c4dee7d
6760c27a-70f1-483d-9c25-71c4ab2d5068,sticker,https://cdn2.cdnstep.com/xbOMgxBakKhd7SHeQ8FZ/18.thumb128.png,https://cdn2.cdnstep.com/xbOMgxBakKhd7SHeQ8FZ/18.thumb128.png,sticker,,reactions,none,False,False,image,png,generic,https://www.sigstick.com/pack/xbOMgxBakKhd7SHeQ8FZ-hindi-stickers,0,5,approved,2026-05-11T15:54:09.400649+00:00,d362d4b9d206e83ba34a53cab69ebe784a77d39fda91832965a104aea1cc526b
8f86265e-2205-4015-ae67-70a38146fbb1,sticker,https://cdn2.cdnstep.com/xbOMgxBakKhd7SHeQ8FZ/19.thumb128.png,https://cdn2.cdnstep.com/xbOMgxBakKhd7SHeQ8FZ/19.thumb128.png,sticker,,reactions,none,False,False,image,png,generic,https://www.sigstick.com/pack/xbOMgxBakKhd7SHeQ8FZ-hindi-stickers,0,5,approved,2026-05-11T15:54:17.526849+00:00,1523314efd1cc4bf045dac9dbc587dcb80610cc1efe503f5ec2dfde3716d7118
9ac8c154-649b-49d7-8384-785d3932fb35,sticker,https://cdn2.cdnstep.com/xbOMgxBakKhd7SHeQ8FZ/20.thumb128.png,https://cdn2.cdnstep.com/xbOMgxBakKhd7SHeQ8FZ/20.thumb128.png,sticker,,reactions,none,False,False,image,png,generic,https://www.sigstick.com/pack/xbOMgxBakKhd7SHeQ8FZ-hindi-stickers,0,5,approved,2026-05-11T15:54:25.626188+00:00,435ed7e409b87cec0fc355c703eaadb455ea90abc13f32b39ed6e6f7287d0a52
7f773149-67cf-4680-83e6-a6ac4ebd0995,sticker,https://cdn2.cdnstep.com/xbOMgxBakKhd7SHeQ8FZ/21.thumb128.png,https://cdn2.cdnstep.com/xbOMgxBakKhd7SHeQ8FZ/21.thumb128.png,sticker,,reactions,none,False,False,image,png,generic,https://www.sigstick.com/pack/xbOMgxBakKhd7SHeQ8FZ-hindi-stickers,0,5,approved,2026-05-11T15:54:33.768925+00:00,62a13442a69a4f82943ee53c694e73b729aacdd7f3efa7c18d3f92f594c86b1c
9e26d178-a162-4a6e-8b6c-01c777519b84,sticker,https://cdn2.cdnstep.com/xbOMgxBakKhd7SHeQ8FZ/22.thumb128.png,https://cdn2.cdnstep.com/xbOMgxBakKhd7SHeQ8FZ/22.thumb128.png,sticker,,reactions,none,False,False,image,png,generic,https://www.sigstick.com/pack/xbOMgxBakKhd7SHeQ8FZ-hindi-stickers,0,5,approved,2026-05-11T15:54:41.872480+00:00,dceacb1573853b48e8cdddca3b2a69b49270fe1fa93b2f34429540a8b655ba5a
73608aaa-7a79-490e-b937-f5f3bae02534,sticker,https://cdn2.cdnstep.com/xbOMgxBakKhd7SHeQ8FZ/23.thumb128.png,https://cdn2.cdnstep.com/xbOMgxBakKhd7SHeQ8FZ/23.thumb128.png,sticker,,reactions,none,False,False,image,png,generic,https://www.sigstick.com/pack/xbOMgxBakKhd7SHeQ8FZ-hindi-stickers,0,5,approved,2026-05-11T15:54:49.990054+00:00,a9fd10ae687f4499b6751a8263a985de670f8cd83d51d782c8c33385a3cd8008
dd248c2b-31a9-45d7-93c9-fd4c44a4065d,cover,https://cdn2.cdnstep.com/PjgjV2AVPuJyzYPQFtfd/cover.thumb128.webp,https://cdn2.cdnstep.com/PjgjV2AVPuJyzYPQFtfd/cover.thumb128.webp,cover,,reactions,none,False,False,image,webp,generic,https://www.sigstick.com/pack/xbOMgxBakKhd7SHeQ8FZ-hindi-stickers,0,5,approved,2026-05-11T15:54:58.105108+00:00,0094cbf6f50f951e9e98786d05870b5d0b194c57d2892b153a1711de990c9af4
034003a4-d082-4779-ad52-15028ff3f9e4,thumbnail,https://cdn2.cdnstep.com/PjgjV2AVPuJyzYPQFtfd/1.thumb128.webp,https://cdn2.cdnstep.com/PjgjV2AVPuJyzYPQFtfd/1.thumb128.webp,thumbnail,,reactions,none,False,False,image,webp,generic,https://www.sigstick.com/pack/xbOMgxBakKhd7SHeQ8FZ-hindi-stickers,0,5,approved,2026-05-11T15:55:06.223153+00:00,d898d5deb12be739df6743bf31d53b26ee4d203ae4057711be8a58deb206ac40
d2c969b8-a10a-4b1b-971f-fa2b34460574,thumbnail,https://cdn2.cdnstep.com/PjgjV2AVPuJyzYPQFtfd/2.thumb128.webp,https://cdn2.cdnstep.com/PjgjV2AVPuJyzYPQFtfd/2.thumb128.webp,thumbnail,,reactions,none,False,False,image,webp,generic,https://www.sigstick.com/pack/xbOMgxBakKhd7SHeQ8FZ-hindi-stickers,0,5,approved,2026-05-11T15:55:14.317051+00:00,21e0d7fd24afdc466d8cd8552b0d8da45f0583b70400c08e2061341e86381d67
f573fef4-217f-41b7-bf78-4914dd4a5fd2,thumbnail,https://cdn2.cdnstep.com/PjgjV2AVPuJyzYPQFtfd/3.thumb128.webp,https://cdn2.cdnstep.com/PjgjV2AVPuJyzYPQFtfd/3.thumb128.webp,thumbnail,,reactions,none,False,False,image,webp,generic,https://www.sigstick.com/pack/xbOMgxBakKhd7SHeQ8FZ-hindi-stickers,0,5,approved,2026-05-11T15:55:22.434528+00:00,2c77074377586293ba8c339443bcb45ee999a8c3a9ee22f5f52e48488b52cb1f
23537c77-0ae9-47a2-a603-c0f7be37cb56,thumbnail,https://cdn2.cdnstep.com/PjgjV2AVPuJyzYPQFtfd/4.thumb128.webp,https://cdn2.cdnstep.com/PjgjV2AVPuJyzYPQFtfd/4.thumb128.webp,thumbnail,,reactions,none,False,False,image,webp,generic,https://www.sigstick.com/pack/xbOMgxBakKhd7SHeQ8FZ-hindi-stickers,0,5,approved,2026-05-11T15:55:30.593657+00:00,c2dbda992b85abb5282de094128a186f2f1279ebbecdcf866fa7d4b9b63e51bc
d15d7dcd-39b4-4826-b485-c8829075cea7,cover,https://cdn2.cdnstep.com/cekI0mnopIW4Q4yJ1t6N/cover.thumb128.webp,https://cdn2.cdnstep.com/cekI0mnopIW4Q4yJ1t6N/cover.thumb128.webp,cover,,reactions,none,False,False,image,webp,generic,https://www.sigstick.com/pack/xbOMgxBakKhd7SHeQ8FZ-hindi-stickers,0,5,approved,2026-05-11T15:55:38.724432+00:00,bed021a6d4d5fe3cb9a4cee346191b72e8aa9b321a40e7b80905e841724f2534
62be83fb-1403-4757-9ed7-1b9cb1a6fa2d,thumbnail,https://cdn2.cdnstep.com/cekI0mnopIW4Q4yJ1t6N/1.thumb128.webp,https://cdn2.cdnstep.com/cekI0mnopIW4Q4yJ1t6N/1.thumb128.webp,thumbnail,,reactions,none,False,False,image,webp,generic,https://www.sigstick.com/pack/xbOMgxBakKhd7SHeQ8FZ-hindi-stickers,0,5,approved,2026-05-11T15:55:46.850726+00:00,0835ee094a1ac3c5cca4f17b35f07c65d0907e4b4ad962bb3303561af92a5986
1593105f-1be0-4e19-95b3-b732544df8c9,thumbnail,https://cdn2.cdnstep.com/cekI0mnopIW4Q4yJ1t6N/2.thumb128.webp,https://cdn2.cdnstep.com/cekI0mnopIW4Q4yJ1t6N/2.thumb128.webp,thumbnail,,reactions,none,False,False,image,webp,generic,https://www.sigstick.com/pack/xbOMgxBakKhd7SHeQ8FZ-hindi-stickers,0,5,approved,2026-05-11T15:55:54.966880+00:00,1dd8c3435c982c79ad6e90282e977611bffe253774edd7f3a1242fb3d15ff0ed
28581bb3-f701-4bc6-8425-8b56bdf08c51,thumbnail,https://cdn2.cdnstep.com/cekI0mnopIW4Q4yJ1t6N/3.thumb128.webp,https://cdn2.cdnstep.com/cekI0mnopIW4Q4yJ1t6N/3.thumb128.webp,thumbnail,,reactions,none,False,False,image,webp,generic,https://www.sigstick.com/pack/xbOMgxBakKhd7SHeQ8FZ-hindi-stickers,0,5,approved,2026-05-11T15:56:03.075065+00:00,3384583137a7738a4f4db7718e68a24b931ba10dfaec3ba68831241b4aaf698d
f30f98e5-d510-4023-ac1e-c90551a5049a,thumbnail,https://cdn2.cdnstep.com/cekI0mnopIW4Q4yJ1t6N/4.thumb128.webp,https://cdn2.cdnstep.com/cekI0mnopIW4Q4yJ1t6N/4.thumb128.webp,thumbnail,,reactions,none,False,False,image,webp,generic,https://www.sigstick.com/pack/xbOMgxBakKhd7SHeQ8FZ-hindi-stickers,0,5,approved,2026-05-11T15:56:11.160199+00:00,7f62f37dd37d8450604e37df9841b1b805a969ff84d298395ea23c3b78755592
64ded1eb-de10-40b6-a34b-04417c0a3dd8,cover,https://cdn2.cdnstep.com/3Z9iM32IU8i9XEUjzhMs/cover-1.thumb128.webp,https://cdn2.cdnstep.com/3Z9iM32IU8i9XEUjzhMs/cover-1.thumb128.webp,cover,,reactions,none,False,False,image,webp,generic,https://www.sigstick.com/pack/xbOMgxBakKhd7SHeQ8FZ-hindi-stickers,0,5,approved,2026-05-11T15:56:19.266914+00:00,ec6962518c1f8f0f837f7f63e6295e41408778fb7a40d5492d1ec8cf3bb7d042
97089e9e-4402-4493-aad4-5d679fa916a7,thumbnail,https://cdn2.cdnstep.com/3Z9iM32IU8i9XEUjzhMs/1-1.thumb128.webp,https://cdn2.cdnstep.com/3Z9iM32IU8i9XEUjzhMs/1-1.thumb128.webp,thumbnail,,reactions,none,False,False,image,webp,generic,https://www.sigstick.com/pack/xbOMgxBakKhd7SHeQ8FZ-hindi-stickers,0,5,approved,2026-05-11T15:56:27.426393+00:00,22f9f0333ce6c52b2e1d663d5d36e47e078f1d83478b6d556e09b6cef09872da
11df3cb3-e9f7-4fca-930a-7a3c5ae0f7cc,thumbnail,https://cdn2.cdnstep.com/3Z9iM32IU8i9XEUjzhMs/2-1.thumb128.webp,https://cdn2.cdnstep.com/3Z9iM32IU8i9XEUjzhMs/2-1.thumb128.webp,thumbnail,,reactions,none,False,False,image,webp,generic,https://www.sigstick.com/pack/xbOMgxBakKhd7SHeQ8FZ-hindi-stickers,0,5,approved,2026-05-11T15:56:35.544500+00:00,4e20e81950962d81d6a9b44ab632c53b987ddec5c36b675913ec97ad0c8db67a
6dc75ef3-4222-4435-8a63-ba263e48e0f1,thumbnail,https://cdn2.cdnstep.com/3Z9iM32IU8i9XEUjzhMs/3-1.thumb128.webp,https://cdn2.cdnstep.com/3Z9iM32IU8i9XEUjzhMs/3-1.thumb128.webp,thumbnail,,reactions,none,False,False,image,webp,generic,https://www.sigstick.com/pack/xbOMgxBakKhd7SHeQ8FZ-hindi-stickers,0,5,approved,2026-05-11T15:56:43.648386+00:00,4413223a708b8eaa9b0bf134d6249beb7b1fa2b15639f760f3bec3fdd115263e
ce4e6fda-7088-43c3-8a93-a23e4b2c4b0b,thumbnail,https://cdn2.cdnstep.com/3Z9iM32IU8i9XEUjzhMs/4-1.thumb128.webp,https://cdn2.cdnstep.com/3Z9iM32IU8i9XEUjzhMs/4-1.thumb128.webp,thumbnail,,reactions,none,False,False,image,webp,generic,https://www.sigstick.com/pack/xbOMgxBakKhd7SHeQ8FZ-hindi-stickers,0,5,approved,2026-05-11T15:56:51.762973+00:00,5d62998fd2498193873e4ec3cae9220718ffab09f17d01accf89ec3314865e8e
7c8da3fa-0617-4cb8-b4d5-e6b2f1edd52b,cover,https://cdn2.cdnstep.com/juxWLLujBASOpo6KfpLV/cover.thumb128.webp,https://cdn2.cdnstep.com/juxWLLujBASOpo6KfpLV/cover.thumb128.webp,cover,,reactions,none,False,False,image,webp,generic,https://www.sigstick.com/pack/xbOMgxBakKhd7SHeQ8FZ-hindi-stickers,0,5,approved,2026-05-11T15:56:59.929878+00:00,320b3502c7aff4ccf0f6e0b32897cbc286f4d8deb5e8148fe360ed41ea430293
63524113-35e0-42fa-aa4b-0345c2ef31d6,thumbnail,https://cdn2.cdnstep.com/juxWLLujBASOpo6KfpLV/1.thumb128.webp,https://cdn2.cdnstep.com/juxWLLujBASOpo6KfpLV/1.thumb128.webp,thumbnail,,reactions,none,False,False,image,webp,generic,https://www.sigstick.com/pack/xbOMgxBakKhd7SHeQ8FZ-hindi-stickers,0,5,approved,2026-05-11T15:57:08.072225+00:00,3258d84499a0501b1017a44afbbe555807ac95277cac3e9fa890151a66862876
f110f06e-ce79-4567-86b3-e2f92953722f,thumbnail,https://cdn2.cdnstep.com/juxWLLujBASOpo6KfpLV/2.thumb128.webp,https://cdn2.cdnstep.com/juxWLLujBASOpo6KfpLV/2.thumb128.webp,thumbnail,,reactions,none,False,False,image,webp,generic,https://www.sigstick.com/pack/xbOMgxBakKhd7SHeQ8FZ-hindi-stickers,0,5,approved,2026-05-11T15:57:16.199997+00:00,4bb3b317d953f724e82839116659e9dfd8c073db98b0bcb308858c5af49dcd4e
ff089590-b9a3-42ae-995b-b24e157a5b64,thumbnail,https://cdn2.cdnstep.com/juxWLLujBASOpo6KfpLV/3.thumb128.webp,https://cdn2.cdnstep.com/juxWLLujBASOpo6KfpLV/3.thumb128.webp,thumbnail,,reactions,none,False,False,image,webp,generic,https://www.sigstick.com/pack/xbOMgxBakKhd7SHeQ8FZ-hindi-stickers,0,5,approved,2026-05-11T15:57:24.331347+00:00,03e37ba6b8e731f9adb2ecd5b13b826b4427159c9efefae57970eb605bb97c42
b391d4a8-d9ce-4cfe-b672-7866ebe79a41,thumbnail,https://cdn2.cdnstep.com/juxWLLujBASOpo6KfpLV/4.thumb128.webp,https://cdn2.cdnstep.com/juxWLLujBASOpo6KfpLV/4.thumb128.webp,thumbnail,,reactions,none,False,False,image,webp,generic,https://www.sigstick.com/pack/xbOMgxBakKhd7SHeQ8FZ-hindi-stickers,0,5,approved,2026-05-11T15:57:32.465188+00:00,0c5ceab989ecd885f949ba8cf1d2ea88d4ed6bc6503e02ca024ec5793ad54f6a
70d4a4f5-e676-4890-87ec-153a693245e0,cover,https://cdn2.cdnstep.com/1qI2dUmv0XQGHScRRLqO/cover-1.thumb128.png,https://cdn2.cdnstep.com/1qI2dUmv0XQGHScRRLqO/cover-1.thumb128.png,cover,,reactions,none,False,False,image,png,generic,https://www.sigstick.com/pack/xbOMgxBakKhd7SHeQ8FZ-hindi-stickers,0,5,approved,2026-05-11T15:57:40.583720+00:00,3920563f25f96853a9b47172c9334cbfb582a5029552cb1fa688118ad6284784
679535be-d491-45e8-9311-367afdbcdd54,thumbnail,https://cdn2.cdnstep.com/1qI2dUmv0XQGHScRRLqO/1-1.thumb128.png,https://cdn2.cdnstep.com/1qI2dUmv0XQGHScRRLqO/1-1.thumb128.png,thumbnail,,reactions,none,False,False,image,png,generic,https://www.sigstick.com/pack/xbOMgxBakKhd7SHeQ8FZ-hindi-stickers,0,5,approved,2026-05-11T15:57:48.690501+00:00,3643f700943ad0e39d6d2cb28b40f6ff82eed504524cac108e44c40f7f2d32be
cb773f31-efe4-4838-9f58-e20974f29b9b,thumbnail,https://cdn2.cdnstep.com/1qI2dUmv0XQGHScRRLqO/2-1.thumb128.png,https://cdn2.cdnstep.com/1qI2dUmv0XQGHScRRLqO/2-1.thumb128.png,thumbnail,,reactions,none,False,False,image,png,generic,https://www.sigstick.com/pack/xbOMgxBakKhd7SHeQ8FZ-hindi-stickers,0,5,approved,2026-05-11T15:57:56.805775+00:00,19190760f97ebb93605642372d362df2d44b0d33ff8241d82e11592b66fea366
0cf3300b-e14d-48e3-8f05-6135aa0b6db0,thumbnail,https://cdn2.cdnstep.com/1qI2dUmv0XQGHScRRLqO/3-1.thumb128.png,https://cdn2.cdnstep.com/1qI2dUmv0XQGHScRRLqO/3-1.thumb128.png,thumbnail,,reactions,none,False,False,image,png,generic,https://www.sigstick.com/pack/xbOMgxBakKhd7SHeQ8FZ-hindi-stickers,0,5,approved,2026-05-11T15:58:04.944418+00:00,d43b72654e61869b96c51901e6e353abe2d8fe443a62bb77299048b8a11deca3
5b5e04e0-0ec3-47f7-85f4-b7e216d3cbd9,thumbnail,https://cdn2.cdnstep.com/1qI2dUmv0XQGHScRRLqO/4-1.thumb128.png,https://cdn2.cdnstep.com/1qI2dUmv0XQGHScRRLqO/4-1.thumb128.png,thumbnail,,reactions,none,False,False,image,png,generic,https://www.sigstick.com/pack/xbOMgxBakKhd7SHeQ8FZ-hindi-stickers,0,5,approved,2026-05-11T15:58:13.037482+00:00,eb528bd6e98990bacc8f057b839623513b9a7174e0eb55071874496c65db8eaa
e54d52f0-e365-47a0-ab2a-60a3b2a156fc,cover,https://cdn2.cdnstep.com/zcikJ4knk8hms9bXGYHJ/cover-1.thumb128.webp,https://cdn2.cdnstep.com/zcikJ4knk8hms9bXGYHJ/cover-1.thumb128.webp,cover,,reactions,none,False,False,image,webp,generic,https://www.sigstick.com/pack/xbOMgxBakKhd7SHeQ8FZ-hindi-stickers,0,5,approved,2026-05-11T15:58:21.193606+00:00,529033648485e37ec392715837073297035f7da6a79b71de466e2fc04d8fd548
22ca7abd-8547-420c-b73a-a5976ae87af5,thumbnail,https://cdn2.cdnstep.com/zcikJ4knk8hms9bXGYHJ/1-1.thumb128.webp,https://cdn2.cdnstep.com/zcikJ4knk8hms9bXGYHJ/1-1.thumb128.webp,thumbnail,,reactions,none,False,False,image,webp,generic,https://www.sigstick.com/pack/xbOMgxBakKhd7SHeQ8FZ-hindi-stickers,0,5,approved,2026-05-11T15:58:29.344247+00:00,87a42e311034637888904f5a54a0e2d9a5f655fad39bb3797e486951e05c5bce
d25ebe11-9632-46d7-84f4-cafb271f693b,thumbnail,https://cdn2.cdnstep.com/zcikJ4knk8hms9bXGYHJ/2-1.thumb128.webp,https://cdn2.cdnstep.com/zcikJ4knk8hms9bXGYHJ/2-1.thumb128.webp,thumbnail,,reactions,none,False,False,image,webp,generic,https://www.sigstick.com/pack/xbOMgxBakKhd7SHeQ8FZ-hindi-stickers,0,5,approved,2026-05-11T15:58:37.467631+00:00,dc5d6c8659899c052cc5b570a27471ce5fdd315113e73821da310aec5860e53c
d9c6b165-505d-41de-a627-f7466723d6c8,thumbnail,https://cdn2.cdnstep.com/zcikJ4knk8hms9bXGYHJ/3-1.thumb128.webp,https://cdn2.cdnstep.com/zcikJ4knk8hms9bXGYHJ/3-1.thumb128.webp,thumbnail,,reactions,none,False,False,image,webp,generic,https://www.sigstick.com/pack/xbOMgxBakKhd7SHeQ8FZ-hindi-stickers,0,5,approved,2026-05-11T15:58:45.620766+00:00,58dcd6ccf7daee7aab163e940f4044bfbfe7661b87b30d5c3a9a92a1083f9eaf
f5b3e862-3916-438c-8ce7-00014a428600,thumbnail,https://cdn2.cdnstep.com/zcikJ4knk8hms9bXGYHJ/4-1.thumb128.webp,https://cdn2.cdnstep.com/zcikJ4knk8hms9bXGYHJ/4-1.thumb128.webp,thumbnail,,reactions,none,False,False,image,webp,generic,https://www.sigstick.com/pack/xbOMgxBakKhd7SHeQ8FZ-hindi-stickers,0,5,approved,2026-05-11T15:58:53.777758+00:00,fb11ab9506ec72fbf7b066a863baff8dd27cf009b7f6c03b816733f2e90a2b82
1e04864e-3721-4677-b689-eef726e717ab,cover,https://cdn2.cdnstep.com/LBDcxaKjTaLax5FZuJpu/cover-2.thumb128.png,https://cdn2.cdnstep.com/LBDcxaKjTaLax5FZuJpu/cover-2.thumb128.png,cover,,reactions,none,False,False,image,png,generic,https://www.sigstick.com/pack/xbOMgxBakKhd7SHeQ8FZ-hindi-stickers,0,5,approved,2026-05-11T15:59:01.898615+00:00,f565720e4feae6bb6dd538dbe66c7f975419ee8c7b884f1564fa807c173f811b
7dea939f-11fe-41c1-9d45-66905c7042cc,thumbnail,https://cdn2.cdnstep.com/LBDcxaKjTaLax5FZuJpu/1-6.thumb128.png,https://cdn2.cdnstep.com/LBDcxaKjTaLax5FZuJpu/1-6.thumb128.png,thumbnail,,reactions,none,False,False,image,png,generic,https://www.sigstick.com/pack/xbOMgxBakKhd7SHeQ8FZ-hindi-stickers,0,5,approved,2026-05-11T15:59:10.008173+00:00,63f15a80d1a0b9fb442343b282b7593f21cfdb1253fc2638d4e82278f12205e0
a6f8ee69-67d9-45ae-a7da-564bf93904f5,thumbnail,https://cdn2.cdnstep.com/LBDcxaKjTaLax5FZuJpu/2-1.thumb128.png,https://cdn2.cdnstep.com/LBDcxaKjTaLax5FZuJpu/2-1.thumb128.png,thumbnail,,reactions,none,False,False,image,png,generic,https://www.sigstick.com/pack/xbOMgxBakKhd7SHeQ8FZ-hindi-stickers,0,5,approved,2026-05-11T15:59:18.157446+00:00,bb435ec1175f3660238a9c917843c85de0e585994656749cbc410df7fc0c1d39
8d776a41-9313-44a4-8c13-3abbefb39759,thumbnail,https://cdn2.cdnstep.com/LBDcxaKjTaLax5FZuJpu/3-3.thumb128.png,https://cdn2.cdnstep.com/LBDcxaKjTaLax5FZuJpu/3-3.thumb128.png,thumbnail,,reactions,none,False,False,image,png,generic,https://www.sigstick.com/pack/xbOMgxBakKhd7SHeQ8FZ-hindi-stickers,0,5,approved,2026-05-11T15:59:26.303688+00:00,18a150b41cd4fedad932f83981b6df332a61d022956ea9ef0a85d70cad68d942
8a5bfc0e-6ab1-433e-a1a3-7f95445e25fb,thumbnail,https://cdn2.cdnstep.com/LBDcxaKjTaLax5FZuJpu/4-1.thumb128.png,https://cdn2.cdnstep.com/LBDcxaKjTaLax5FZuJpu/4-1.thumb128.png,thumbnail,,reactions,none,False,False,image,png,generic,https://www.sigstick.com/pack/xbOMgxBakKhd7SHeQ8FZ-hindi-stickers,0,5,approved,2026-05-11T15:59:34.424962+00:00,ab87a340a50ccc3e4463f431d165afb86102ab08414815957f8d32ed91e2d15f
db90c001-9284-418e-9d3a-fb72b52677dd,cover,https://cdn2.cdnstep.com/ITW3kylZpHIWwOkUKdNQ/cover.thumb128.png,https://cdn2.cdnstep.com/ITW3kylZpHIWwOkUKdNQ/cover.thumb128.png,cover,,reactions,none,False,False,image,png,generic,https://www.sigstick.com/pack/xbOMgxBakKhd7SHeQ8FZ-hindi-stickers,0,5,approved,2026-05-11T15:59:42.504968+00:00,9d4bcc551ee200410eba002dffa0108ccc7a244c1baf4ec870148b2525b8a9e6
fc624432-f7c7-41a8-9bc1-8a800af909b7,thumbnail,https://cdn2.cdnstep.com/ITW3kylZpHIWwOkUKdNQ/1.thumb128.png,https://cdn2.cdnstep.com/ITW3kylZpHIWwOkUKdNQ/1.thumb128.png,thumbnail,,reactions,none,False,False,image,png,generic,https://www.sigstick.com/pack/xbOMgxBakKhd7SHeQ8FZ-hindi-stickers,0,5,approved,2026-05-11T15:59:50.639054+00:00,402417a77b82b9c519966c1cfe667f671d6f468dd6cd421927b697a14657ee1e
5a2ddc28-82eb-4ea8-b321-114476e739df,thumbnail,https://cdn2.cdnstep.com/ITW3kylZpHIWwOkUKdNQ/2.thumb128.png,https://cdn2.cdnstep.com/ITW3kylZpHIWwOkUKdNQ/2.thumb128.png,thumbnail,,reactions,none,False,False,image,png,generic,https://www.sigstick.com/pack/xbOMgxBakKhd7SHeQ8FZ-hindi-stickers,0,5,approved,2026-05-11T15:59:58.767315+00:00,8a416f87f85bc6898509ce3ff5e74cbcc794f5458dc4e37d19e8823cf1a3662a
e2fddb19-d905-4075-beb1-9d08550dcd8c,thumbnail,https://cdn2.cdnstep.com/ITW3kylZpHIWwOkUKdNQ/3.thumb128.png,https://cdn2.cdnstep.com/ITW3kylZpHIWwOkUKdNQ/3.thumb128.png,thumbnail,,reactions,none,False,False,image,png,generic,https://www.sigstick.com/pack/xbOMgxBakKhd7SHeQ8FZ-hindi-stickers,0,5,approved,2026-05-11T16:00:06.882480+00:00,9a2b0a106cfdf603c19d80ddfc6ce10518dbfc76e6a09739396e3a9c5956dd23
f8cdec90-1e9a-4683-a021-2de01b4e9db0,thumbnail,https://cdn2.cdnstep.com/ITW3kylZpHIWwOkUKdNQ/4.thumb128.png,https://cdn2.cdnstep.com/ITW3kylZpHIWwOkUKdNQ/4.thumb128.png,thumbnail,,reactions,none,False,False,image,png,generic,https://www.sigstick.com/pack/xbOMgxBakKhd7SHeQ8FZ-hindi-stickers,0,5,approved,2026-05-11T16:00:14.999525+00:00,19fa698433b8ec5e7f45b1dd12904b226a94df00d9909632e9afa1bea2d77c7c
0eed8768-26d7-4279-b3fe-05e7e1f4c233,cover,https://cdn2.cdnstep.com/eTzZM6DX70svoEKZ6wBq/cover.thumb128.webp,https://cdn2.cdnstep.com/eTzZM6DX70svoEKZ6wBq/cover.thumb128.webp,cover,,reactions,none,False,False,image,webp,generic,https://www.sigstick.com/pack/xbOMgxBakKhd7SHeQ8FZ-hindi-stickers,0,5,approved,2026-05-11T16:00:23.105206+00:00,0f068cbbd9f33c1c42734aa9baecf8285845490d2cb1b817e720f5c46b197ab8
83ab3d95-aa32-43bf-b25c-c93ee23c2b17,thumbnail,https://cdn2.cdnstep.com/eTzZM6DX70svoEKZ6wBq/1.thumb128.webp,https://cdn2.cdnstep.com/eTzZM6DX70svoEKZ6wBq/1.thumb128.webp,thumbnail,,reactions,none,False,False,image,webp,generic,https://www.sigstick.com/pack/xbOMgxBakKhd7SHeQ8FZ-hindi-stickers,0,5,approved,2026-05-11T16:00:31.186901+00:00,c75b47cead1671e32ae7dfd996241d22beca1a187721b400abce26e32bbd0392
8b77ed5f-3f6e-4ca3-9a93-020165690cc8,thumbnail,https://cdn2.cdnstep.com/eTzZM6DX70svoEKZ6wBq/2.thumb128.webp,https://cdn2.cdnstep.com/eTzZM6DX70svoEKZ6wBq/2.thumb128.webp,thumbnail,,reactions,none,False,False,image,webp,generic,https://www.sigstick.com/pack/xbOMgxBakKhd7SHeQ8FZ-hindi-stickers,0,5,approved,2026-05-11T16:00:39.290642+00:00,98d0bed40bed4b4f18ddd1e1d56bb2f88ed0cb389d258a00914dc359dde28c19
23c8ea40-809f-4d8a-b569-eb099c4ff568,thumbnail,https://cdn2.cdnstep.com/eTzZM6DX70svoEKZ6wBq/3.thumb128.webp,https://cdn2.cdnstep.com/eTzZM6DX70svoEKZ6wBq/3.thumb128.webp,thumbnail,,reactions,none,False,False,image,webp,generic,https://www.sigstick.com/pack/xbOMgxBakKhd7SHeQ8FZ-hindi-stickers,0,5,approved,2026-05-11T16:00:47.410410+00:00,8c78cbf855969c9799a14537ed7fbef5484ab1e8c9b379e6c8f136d5b2759d13
51104714-0e7f-49ff-afb4-f4008c933759,thumbnail,https://cdn2.cdnstep.com/eTzZM6DX70svoEKZ6wBq/4.thumb128.webp,https://cdn2.cdnstep.com/eTzZM6DX70svoEKZ6wBq/4.thumb128.webp,thumbnail,,reactions,none,False,False,image,webp,generic,https://www.sigstick.com/pack/xbOMgxBakKhd7SHeQ8FZ-hindi-stickers,0,5,approved,2026-05-11T16:00:55.541950+00:00,7c66b6feb5723d642619554588ff9bb343fc6cf151b6c19d54f399895e65a4b2
671757e1-1f3c-4cf3-9bc0-9c8ceaad9185,cover,https://cdn2.cdnstep.com/31zden4DaBcDeWzFhqMx/cover.thumb128.png,https://cdn2.cdnstep.com/31zden4DaBcDeWzFhqMx/cover.thumb128.png,cover,,reactions,none,False,False,image,png,generic,https://www.sigstick.com/pack/xbOMgxBakKhd7SHeQ8FZ-hindi-stickers,0,5,approved,2026-05-11T16:01:03.622042+00:00,f5d16590a1f49b764d701de4bb4957e30dc469c4b7a60a971ef4b61e7c89f757
1b868113-6215-40d8-9830-3ca7ba5f94aa,thumbnail,https://cdn2.cdnstep.com/31zden4DaBcDeWzFhqMx/1.thumb128.png,https://cdn2.cdnstep.com/31zden4DaBcDeWzFhqMx/1.thumb128.png,thumbnail,,reactions,none,False,False,image,png,generic,https://www.sigstick.com/pack/xbOMgxBakKhd7SHeQ8FZ-hindi-stickers,0,5,approved,2026-05-11T16:01:11.727488+00:00,8854f7a2d6d2b608ffec16b99ab1e81ebb21cac4d88122442542ed87de7960aa
da0722ea-5678-4222-bdeb-32afddb879b0,thumbnail,https://cdn2.cdnstep.com/31zden4DaBcDeWzFhqMx/2.thumb128.png,https://cdn2.cdnstep.com/31zden4DaBcDeWzFhqMx/2.thumb128.png,thumbnail,,reactions,none,False,False,image,png,generic,https://www.sigstick.com/pack/xbOMgxBakKhd7SHeQ8FZ-hindi-stickers,0,5,approved,2026-05-11T16:01:19.849227+00:00,2f3e6cad15f712a0c08c32a458f0c6e8c6629b4f8c2fc4a7da3607b867e798fd
acd8fecd-7c39-4816-8202-197ff1890b56,thumbnail,https://cdn2.cdnstep.com/31zden4DaBcDeWzFhqMx/3.thumb128.png,https://cdn2.cdnstep.com/31zden4DaBcDeWzFhqMx/3.thumb128.png,thumbnail,,reactions,none,False,False,image,png,generic,https://www.sigstick.com/pack/xbOMgxBakKhd7SHeQ8FZ-hindi-stickers,0,5,approved,2026-05-11T16:01:27.938858+00:00,d67f81d09c817725b005c3514da6a231a56b37f1f0f7987c95eaa75a82552477
cd713fb0-c953-4f61-bcac-76d5f5aa3fc5,thumbnail,https://cdn2.cdnstep.com/31zden4DaBcDeWzFhqMx/4.thumb128.png,https://cdn2.cdnstep.com/31zden4DaBcDeWzFhqMx/4.thumb128.png,thumbnail,,reactions,none,False,False,image,png,generic,https://www.sigstick.com/pack/xbOMgxBakKhd7SHeQ8FZ-hindi-stickers,0,5,approved,2026-05-11T16:01:36.074173+00:00,cb2c3966b1282874ff46b544029a3c3491ac40b9038ce2ef34bf79fa0afd1b56
6db35acf-88e3-47cd-b694-da1949534b10,SigStick logo,https://www.sigstick.com/_next/image?url=%2F_next%2Fstatic%2Fmedia%2Flogo.8c3df046.webp&w=96&q=75,https://www.sigstick.com/_next/image?url=%2F_next%2Fstatic%2Fmedia%2Flogo.8c3df046.webp&w=96&q=75,sigstick|logo,,reactions,none,False,False,image,webp,generic,https://www.sigstick.com/pack/jNYNCXTn8tY3J4aLp9Y4-kannadaactors,0,5,approved,2026-05-11T16:57:19.534091+00:00,0a3654ff6daa49b02bc82f341f385ae1b7fdfa078ad11cce4284183bb22e2b17
20ae99f1-82cf-459a-af25-4c261e556484,Sticker pack cover,https://cdn2.cdnstep.com/jNYNCXTn8tY3J4aLp9Y4/cover.thumb256.png,https://cdn2.cdnstep.com/jNYNCXTn8tY3J4aLp9Y4/cover.thumb256.png,sticker|pack|cover,,reactions,none,False,False,image,png,generic,https://www.sigstick.com/pack/jNYNCXTn8tY3J4aLp9Y4-kannadaactors,0,5,approved,2026-05-11T16:57:19.549667+00:00,67353544ae1a09c1225410bef57f347f4b9161536fe06f853132c4af946171c3
271db0b0-3801-4030-8f4a-a9aff24d4902,sticker,https://cdn2.cdnstep.com/jNYNCXTn8tY3J4aLp9Y4/0.thumb128.png,https://cdn2.cdnstep.com/jNYNCXTn8tY3J4aLp9Y4/0.thumb128.png,sticker,,reactions,none,False,False,image,png,generic,https://www.sigstick.com/pack/jNYNCXTn8tY3J4aLp9Y4-kannadaactors,0,5,approved,2026-05-11T16:57:19.591128+00:00,001193024f7df25a831a1ac4f7b8a0c4ba60a2b30e5f54474893b84ede6d4e73
7a7a21cb-9669-45b4-bf49-205b00e461f8,sticker,https://cdn2.cdnstep.com/jNYNCXTn8tY3J4aLp9Y4/1.thumb128.png,https://cdn2.cdnstep.com/jNYNCXTn8tY3J4aLp9Y4/1.thumb128.png,sticker,,reactions,none,False,False,image,png,generic,https://www.sigstick.com/pack/jNYNCXTn8tY3J4aLp9Y4-kannadaactors,0,5,approved,2026-05-11T16:57:19.601136+00:00,f0139c882d08b619527526d536265c799d676419f7919b29d522242fb730e94b
2be01ab8-a8a4-4258-9482-d369585d3b85,sticker,https://cdn2.cdnstep.com/jNYNCXTn8tY3J4aLp9Y4/2.thumb128.png,https://cdn2.cdnstep.com/jNYNCXTn8tY3J4aLp9Y4/2.thumb128.png,sticker,,reactions,none,False,False,image,png,generic,https://www.sigstick.com/pack/jNYNCXTn8tY3J4aLp9Y4-kannadaactors,0,5,approved,2026-05-11T16:57:19.620529+00:00,c33d584d95d540bc0bbe664a0c2d2881d7a840c0cdd86e0a22f38a86e4085559
559f2817-fc9b-4f33-9888-0bf76423b1f7,sticker,https://cdn2.cdnstep.com/jNYNCXTn8tY3J4aLp9Y4/3.thumb128.png,https://cdn2.cdnstep.com/jNYNCXTn8tY3J4aLp9Y4/3.thumb128.png,sticker,,reactions,none,False,False,image,png,generic,https://www.sigstick.com/pack/jNYNCXTn8tY3J4aLp9Y4-kannadaactors,0,5,approved,2026-05-11T16:57:19.633187+00:00,27a8797dda77d884abf6f5c082398baad9e40a3cded0e0027aa967594a7ab711
e6f10c70-bae0-4452-8bb7-bfca49dd9a33,sticker,https://cdn2.cdnstep.com/jNYNCXTn8tY3J4aLp9Y4/4.thumb128.png,https://cdn2.cdnstep.com/jNYNCXTn8tY3J4aLp9Y4/4.thumb128.png,sticker,,reactions,none,False,False,image,png,generic,https://www.sigstick.com/pack/jNYNCXTn8tY3J4aLp9Y4-kannadaactors,0,5,approved,2026-05-11T16:57:19.646774+00:00,3cfe7cb460a2ee3ed1997f101a58c3924183d21638eceffca62276db442162fc
cfa7a383-c7c2-4d1f-a535-90d8c1a0d3a2,sticker,https://cdn2.cdnstep.com/jNYNCXTn8tY3J4aLp9Y4/5.thumb128.png,https://cdn2.cdnstep.com/jNYNCXTn8tY3J4aLp9Y4/5.thumb128.png,sticker,,reactions,none,False,False,image,png,generic,https://www.sigstick.com/pack/jNYNCXTn8tY3J4aLp9Y4-kannadaactors,0,5,approved,2026-05-11T16:57:19.661668+00:00,ae5fe0b00820e880b056d9d26790af18fd3041d62cc6cf3e40b8bd46b9125c20
33ad2e04-8714-4f1c-a7e4-a0797b9d06ae,sticker,https://cdn2.cdnstep.com/jNYNCXTn8tY3J4aLp9Y4/6.thumb128.png,https://cdn2.cdnstep.com/jNYNCXTn8tY3J4aLp9Y4/6.thumb128.png,sticker,,reactions,none,False,False,image,png,generic,https://www.sigstick.com/pack/jNYNCXTn8tY3J4aLp9Y4-kannadaactors,0,5,approved,2026-05-11T16:57:19.699099+00:00,4febf6fb663b8aff1a981f257078832354e4fa5fb858eafbb12fc4b0dc7ae728
0b5a9d84-0e54-4716-b5f3-1158108c2d29,sticker,https://cdn2.cdnstep.com/jNYNCXTn8tY3J4aLp9Y4/7.thumb128.png,https://cdn2.cdnstep.com/jNYNCXTn8tY3J4aLp9Y4/7.thumb128.png,sticker,,reactions,none,False,False,image,png,generic,https://www.sigstick.com/pack/jNYNCXTn8tY3J4aLp9Y4-kannadaactors,0,5,approved,2026-05-11T16:57:19.719442+00:00,f3b24f29fd4ddb133287ac8fd716dad5f5b001b8590319e08c643f2ce9e1c544
0761d913-d77a-4022-b78c-c3a0aecb37c3,sticker,https://cdn2.cdnstep.com/jNYNCXTn8tY3J4aLp9Y4/8.thumb128.png,https://cdn2.cdnstep.com/jNYNCXTn8tY3J4aLp9Y4/8.thumb128.png,sticker,,reactions,none,False,False,image,png,generic,https://www.sigstick.com/pack/jNYNCXTn8tY3J4aLp9Y4-kannadaactors,0,5,approved,2026-05-11T16:57:19.740976+00:00,c47adcd0b3690006344587189b1e677bea14c5046d98db64e8e31d543f65aacf
f3effce3-7204-493a-aa46-c65d63cf2225,cover,https://cdn2.cdnstep.com/Cwz7cUOOTE36zW5RFxkG/cover.thumb128.png,https://cdn2.cdnstep.com/Cwz7cUOOTE36zW5RFxkG/cover.thumb128.png,cover,,reactions,none,False,False,image,png,generic,https://www.sigstick.com/pack/jNYNCXTn8tY3J4aLp9Y4-kannadaactors,0,5,approved,2026-05-11T16:57:19.757933+00:00,669af0513bdc01d401f602c97f18ec5a235bb066d56b77446725565189830acb
da151688-6f7b-44b2-b581-18c9ce1c6fb6,thumbnail,https://cdn2.cdnstep.com/Cwz7cUOOTE36zW5RFxkG/1.thumb128.png,https://cdn2.cdnstep.com/Cwz7cUOOTE36zW5RFxkG/1.thumb128.png,thumbnail,,reactions,none,False,False,image,png,generic,https://www.sigstick.com/pack/jNYNCXTn8tY3J4aLp9Y4-kannadaactors,0,5,approved,2026-05-11T16:57:19.776297+00:00,2b08b4949e0607570512e3256cb1258abb022262c5df31d0a21978dc8a79472c
93b39ca2-a027-480d-90a9-1bc73fe101c9,thumbnail,https://cdn2.cdnstep.com/Cwz7cUOOTE36zW5RFxkG/2.thumb128.png,https://cdn2.cdnstep.com/Cwz7cUOOTE36zW5RFxkG/2.thumb128.png,thumbnail,,reactions,none,False,False,image,png,generic,https://www.sigstick.com/pack/jNYNCXTn8tY3J4aLp9Y4-kannadaactors,0,5,approved,2026-05-11T16:57:19.793378+00:00,4a319916ce0dedd83b3833a561c336a3a2afafe249901b91b8772bd6392bb05a
9416003c-9f3e-4b23-bd45-5be72360a1bf,thumbnail,https://cdn2.cdnstep.com/Cwz7cUOOTE36zW5RFxkG/3.thumb128.png,https://cdn2.cdnstep.com/Cwz7cUOOTE36zW5RFxkG/3.thumb128.png,thumbnail,,reactions,none,False,False,image,png,generic,https://www.sigstick.com/pack/jNYNCXTn8tY3J4aLp9Y4-kannadaactors,0,5,approved,2026-05-11T16:57:19.809803+00:00,4feb79532e08e3fdafd14d3479dc4950ae740bab844591ba42fa9ffb904fe222
77d57b53-7a76-4260-ac73-c42461e77eda,thumbnail,https://cdn2.cdnstep.com/Cwz7cUOOTE36zW5RFxkG/4.thumb128.png,https://cdn2.cdnstep.com/Cwz7cUOOTE36zW5RFxkG/4.thumb128.png,thumbnail,,reactions,none,False,False,image,png,generic,https://www.sigstick.com/pack/jNYNCXTn8tY3J4aLp9Y4-kannadaactors,0,5,approved,2026-05-11T16:57:19.823564+00:00,55bdcfdff36240f645c149e3509e844a19a7b3b0c2056b59efd2220b132386c5
39dae1ca-4f60-46b1-8c6c-e300e4b8a17c,cover,https://cdn2.cdnstep.com/R2lSRZ8xYsdGAq4QUeWK/cover.thumb128.png,https://cdn2.cdnstep.com/R2lSRZ8xYsdGAq4QUeWK/cover.thumb128.png,cover,,reactions,none,False,False,image,png,generic,https://www.sigstick.com/pack/jNYNCXTn8tY3J4aLp9Y4-kannadaactors,0,5,approved,2026-05-11T16:57:19.835542+00:00,658d86a27c15886663e50cdc30519c53f4a3e062332be7b3aa43e45b7b13c809
b33b7330-b035-4fc8-9a62-d7c725804bbb,thumbnail,https://cdn2.cdnstep.com/R2lSRZ8xYsdGAq4QUeWK/1.thumb128.png,https://cdn2.cdnstep.com/R2lSRZ8xYsdGAq4QUeWK/1.thumb128.png,thumbnail,,reactions,none,False,False,image,png,generic,https://www.sigstick.com/pack/jNYNCXTn8tY3J4aLp9Y4-kannadaactors,0,5,approved,2026-05-11T16:57:19.852377+00:00,762e517d8c2c269b8a3539021d246335a7a9ef7c5e8d6b02ad2bf2134f53f3b6
a5e24319-e402-4911-8175-1625a9312795,thumbnail,https://cdn2.cdnstep.com/R2lSRZ8xYsdGAq4QUeWK/2.thumb128.png,https://cdn2.cdnstep.com/R2lSRZ8xYsdGAq4QUeWK/2.thumb128.png,thumbnail,,reactions,none,False,False,image,png,generic,https://www.sigstick.com/pack/jNYNCXTn8tY3J4aLp9Y4-kannadaactors,0,5,approved,2026-05-11T16:57:19.863602+00:00,10291f591fc6e58cd98affa5f63cfb208b82fbaeed8ceab1832160bac5097ef3
02653a5e-c4a4-43bb-8a7e-8a23a7ef62d4,thumbnail,https://cdn2.cdnstep.com/R2lSRZ8xYsdGAq4QUeWK/3.thumb128.png,https://cdn2.cdnstep.com/R2lSRZ8xYsdGAq4QUeWK/3.thumb128.png,thumbnail,,reactions,none,False,False,image,png,generic,https://www.sigstick.com/pack/jNYNCXTn8tY3J4aLp9Y4-kannadaactors,0,5,approved,2026-05-11T16:57:19.872809+00:00,d0d3953dbcd531ad3182b2f914f67e2d7701e45b8fd41b0d1449abed5e2a710e
cb85c43b-1891-4749-b745-00b669290c4e,thumbnail,https://cdn2.cdnstep.com/R2lSRZ8xYsdGAq4QUeWK/4.thumb128.png,https://cdn2.cdnstep.com/R2lSRZ8xYsdGAq4QUeWK/4.thumb128.png,thumbnail,,reactions,none,False,False,image,png,generic,https://www.sigstick.com/pack/jNYNCXTn8tY3J4aLp9Y4-kannadaactors,0,5,approved,2026-05-11T16:57:19.882996+00:00,32bc291ca47c7d1f98cb22e1d09283500bb91681d796682455596f7254e295bf
849811b0-0309-467a-b357-d4fd27e0f9b1,cover,https://cdn2.cdnstep.com/3Z9iM32IU8i9XEUjzhMs/cover-1.thumb128.webp,https://cdn2.cdnstep.com/3Z9iM32IU8i9XEUjzhMs/cover-1.thumb128.webp,cover,,reactions,none,False,False,image,webp,generic,https://www.sigstick.com/pack/jNYNCXTn8tY3J4aLp9Y4-kannadaactors,0,5,approved,2026-05-11T16:57:19.892617+00:00,ec6962518c1f8f0f837f7f63e6295e41408778fb7a40d5492d1ec8cf3bb7d042
e1408d56-0348-4f58-ac0a-e0d06220d74b,thumbnail,https://cdn2.cdnstep.com/3Z9iM32IU8i9XEUjzhMs/1-1.thumb128.webp,https://cdn2.cdnstep.com/3Z9iM32IU8i9XEUjzhMs/1-1.thumb128.webp,thumbnail,,reactions,none,False,False,image,webp,generic,https://www.sigstick.com/pack/jNYNCXTn8tY3J4aLp9Y4-kannadaactors,0,5,approved,2026-05-11T16:57:19.903074+00:00,22f9f0333ce6c52b2e1d663d5d36e47e078f1d83478b6d556e09b6cef09872da
22d34fff-61f7-47f0-8762-b0ed26e3a0d0,thumbnail,https://cdn2.cdnstep.com/3Z9iM32IU8i9XEUjzhMs/2-1.thumb128.webp,https://cdn2.cdnstep.com/3Z9iM32IU8i9XEUjzhMs/2-1.thumb128.webp,thumbnail,,reactions,none,False,False,image,webp,generic,https://www.sigstick.com/pack/jNYNCXTn8tY3J4aLp9Y4-kannadaactors,0,5,approved,2026-05-11T16:57:19.914410+00:00,4e20e81950962d81d6a9b44ab632c53b987ddec5c36b675913ec97ad0c8db67a
32bd2c46-f952-405d-929c-ef9e9415a358,thumbnail,https://cdn2.cdnstep.com/3Z9iM32IU8i9XEUjzhMs/3-1.thumb128.webp,https://cdn2.cdnstep.com/3Z9iM32IU8i9XEUjzhMs/3-1.thumb128.webp,thumbnail,,reactions,none,False,False,image,webp,generic,https://www.sigstick.com/pack/jNYNCXTn8tY3J4aLp9Y4-kannadaactors,0,5,approved,2026-05-11T16:57:19.924733+00:00,4413223a708b8eaa9b0bf134d6249beb7b1fa2b15639f760f3bec3fdd115263e
0a8f1ba2-bf63-4edf-8352-66e3702ad87f,thumbnail,https://cdn2.cdnstep.com/3Z9iM32IU8i9XEUjzhMs/4-1.thumb128.webp,https://cdn2.cdnstep.com/3Z9iM32IU8i9XEUjzhMs/4-1.thumb128.webp,thumbnail,,reactions,none,False,False,image,webp,generic,https://www.sigstick.com/pack/jNYNCXTn8tY3J4aLp9Y4-kannadaactors,0,5,approved,2026-05-11T16:57:19.935359+00:00,5d62998fd2498193873e4ec3cae9220718ffab09f17d01accf89ec3314865e8e
c22188b9-77fa-4886-854a-5e8a84fbf74a,cover,https://cdn2.cdnstep.com/PjgjV2AVPuJyzYPQFtfd/cover.thumb128.webp,https://cdn2.cdnstep.com/PjgjV2AVPuJyzYPQFtfd/cover.thumb128.webp,cover,,reactions,none,False,False,image,webp,generic,https://www.sigstick.com/pack/jNYNCXTn8tY3J4aLp9Y4-kannadaactors,0,5,approved,2026-05-11T16:57:19.945202+00:00,0094cbf6f50f951e9e98786d05870b5d0b194c57d2892b153a1711de990c9af4
dec607fa-e23e-4b87-bfac-417aa18ba314,thumbnail,https://cdn2.cdnstep.com/PjgjV2AVPuJyzYPQFtfd/1.thumb128.webp,https://cdn2.cdnstep.com/PjgjV2AVPuJyzYPQFtfd/1.thumb128.webp,thumbnail,,reactions,none,False,False,image,webp,generic,https://www.sigstick.com/pack/jNYNCXTn8tY3J4aLp9Y4-kannadaactors,0,5,approved,2026-05-11T16:57:19.957140+00:00,d898d5deb12be739df6743bf31d53b26ee4d203ae4057711be8a58deb206ac40
c26e8570-1c31-4d99-8921-1db10f394c6d,thumbnail,https://cdn2.cdnstep.com/PjgjV2AVPuJyzYPQFtfd/2.thumb128.webp,https://cdn2.cdnstep.com/PjgjV2AVPuJyzYPQFtfd/2.thumb128.webp,thumbnail,,reactions,none,False,False,image,webp,generic,https://www.sigstick.com/pack/jNYNCXTn8tY3J4aLp9Y4-kannadaactors,0,5,approved,2026-05-11T16:57:19.968329+00:00,21e0d7fd24afdc466d8cd8552b0d8da45f0583b70400c08e2061341e86381d67
df053b2e-7e1f-4899-afc6-3806313e910e,thumbnail,https://cdn2.cdnstep.com/PjgjV2AVPuJyzYPQFtfd/3.thumb128.webp,https://cdn2.cdnstep.com/PjgjV2AVPuJyzYPQFtfd/3.thumb128.webp,thumbnail,,reactions,none,False,False,image,webp,generic,https://www.sigstick.com/pack/jNYNCXTn8tY3J4aLp9Y4-kannadaactors,0,5,approved,2026-05-11T16:57:19.978763+00:00,2c77074377586293ba8c339443bcb45ee999a8c3a9ee22f5f52e48488b52cb1f
3ffc8499-511b-45ca-9e63-e06517c98ffb,thumbnail,https://cdn2.cdnstep.com/PjgjV2AVPuJyzYPQFtfd/4.thumb128.webp,https://cdn2.cdnstep.com/PjgjV2AVPuJyzYPQFtfd/4.thumb128.webp,thumbnail,,reactions,none,False,False,image,webp,generic,https://www.sigstick.com/pack/jNYNCXTn8tY3J4aLp9Y4-kannadaactors,0,5,approved,2026-05-11T16:57:19.987386+00:00,c2dbda992b85abb5282de094128a186f2f1279ebbecdcf866fa7d4b9b63e51bc
20070e2b-bb25-4638-b7ae-33b5b077d0d7,cover,https://cdn2.cdnstep.com/ARCpDlwindutu7KEbiqn/cover.thumb128.png,https://cdn2.cdnstep.com/ARCpDlwindutu7KEbiqn/cover.thumb128.png,cover,,reactions,none,False,False,image,png,generic,https://www.sigstick.com/pack/jNYNCXTn8tY3J4aLp9Y4-kannadaactors,0,5,approved,2026-05-11T16:57:19.997554+00:00,155c269fc5179566fb2f77bba755afbc26bbef588884909d25867e40a9200a3f
ac4ae0e6-6e59-4c07-ae85-b898913e426c,thumbnail,https://cdn2.cdnstep.com/ARCpDlwindutu7KEbiqn/1.thumb128.png,https://cdn2.cdnstep.com/ARCpDlwindutu7KEbiqn/1.thumb128.png,thumbnail,,reactions,none,False,False,image,png,generic,https://www.sigstick.com/pack/jNYNCXTn8tY3J4aLp9Y4-kannadaactors,0,5,approved,2026-05-11T16:57:20.008509+00:00,a6867708b48e434192a6a4ed9f1dd4f23caa096794c040d5e14ef20c6d6d853d
94001fc9-bd52-4be9-a5d4-5f2b6eb2d091,thumbnail,https://cdn2.cdnstep.com/ARCpDlwindutu7KEbiqn/2.thumb128.png,https://cdn2.cdnstep.com/ARCpDlwindutu7KEbiqn/2.thumb128.png,thumbnail,,reactions,none,False,False,image,png,generic,https://www.sigstick.com/pack/jNYNCXTn8tY3J4aLp9Y4-kannadaactors,0,5,approved,2026-05-11T16:57:20.020403+00:00,e7efa0edabbc72f7733b326129605469f6dcdf0efa0874db06bc74c4277d8acb
aa655e44-b57a-449f-834b-893be312897c,thumbnail,https://cdn2.cdnstep.com/ARCpDlwindutu7KEbiqn/3.thumb128.png,https://cdn2.cdnstep.com/ARCpDlwindutu7KEbiqn/3.thumb128.png,thumbnail,,reactions,none,False,False,image,png,generic,https://www.sigstick.com/pack/jNYNCXTn8tY3J4aLp9Y4-kannadaactors,0,5,approved,2026-05-11T16:57:20.029592+00:00,c68a7ae2211ce53af2b7eed7b70921578d4c81e2c47cd7ddca680af7fc320bf1
9bef5758-5639-4637-aa4c-15dc2fb263f7,thumbnail,https://cdn2.cdnstep.com/ARCpDlwindutu7KEbiqn/4.thumb128.png,https://cdn2.cdnstep.com/ARCpDlwindutu7KEbiqn/4.thumb128.png,thumbnail,,reactions,none,False,False,image,png,generic,https://www.sigstick.com/pack/jNYNCXTn8tY3J4aLp9Y4-kannadaactors,0,5,approved,2026-05-11T16:57:20.039993+00:00,83936683ddfbad957fb41c7f28f9ff7612c87a96a4b57b5ac41a20db7703c707
2f85aca5-dd7a-413d-83f0-a7f7d241d422,cover,https://cdn2.cdnstep.com/juxWLLujBASOpo6KfpLV/cover.thumb128.webp,https://cdn2.cdnstep.com/juxWLLujBASOpo6KfpLV/cover.thumb128.webp,cover,,reactions,none,False,False,image,webp,generic,https://www.sigstick.com/pack/jNYNCXTn8tY3J4aLp9Y4-kannadaactors,0,5,approved,2026-05-11T16:57:20.054177+00:00,320b3502c7aff4ccf0f6e0b32897cbc286f4d8deb5e8148fe360ed41ea430293
95012134-3a2e-409e-a268-bc85c7190da9,thumbnail,https://cdn2.cdnstep.com/juxWLLujBASOpo6KfpLV/1.thumb128.webp,https://cdn2.cdnstep.com/juxWLLujBASOpo6KfpLV/1.thumb128.webp,thumbnail,,reactions,none,False,False,image,webp,generic,https://www.sigstick.com/pack/jNYNCXTn8tY3J4aLp9Y4-kannadaactors,0,5,approved,2026-05-11T16:57:20.064688+00:00,3258d84499a0501b1017a44afbbe555807ac95277cac3e9fa890151a66862876
b3cf4470-449e-4f1e-ae3f-de1e71ee1a51,thumbnail,https://cdn2.cdnstep.com/juxWLLujBASOpo6KfpLV/2.thumb128.webp,https://cdn2.cdnstep.com/juxWLLujBASOpo6KfpLV/2.thumb128.webp,thumbnail,,reactions,none,False,False,image,webp,generic,https://www.sigstick.com/pack/jNYNCXTn8tY3J4aLp9Y4-kannadaactors,0,5,approved,2026-05-11T16:57:20.073760+00:00,4bb3b317d953f724e82839116659e9dfd8c073db98b0bcb308858c5af49dcd4e
3911b1e5-2b1e-47aa-8333-5eba9383dfb8,thumbnail,https://cdn2.cdnstep.com/juxWLLujBASOpo6KfpLV/3.thumb128.webp,https://cdn2.cdnstep.com/juxWLLujBASOpo6KfpLV/3.thumb128.webp,thumbnail,,reactions,none,False,False,image,webp,generic,https://www.sigstick.com/pack/jNYNCXTn8tY3J4aLp9Y4-kannadaactors,0,5,approved,2026-05-11T16:57:20.083823+00:00,03e37ba6b8e731f9adb2ecd5b13b826b4427159c9efefae57970eb605bb97c42
67eff36e-fb16-41c1-ad15-722860195601,thumbnail,https://cdn2.cdnstep.com/juxWLLujBASOpo6KfpLV/4.thumb128.webp,https://cdn2.cdnstep.com/juxWLLujBASOpo6KfpLV/4.thumb128.webp,thumbnail,,reactions,none,False,False,image,webp,generic,https://www.sigstick.com/pack/jNYNCXTn8tY3J4aLp9Y4-kannadaactors,0,5,approved,2026-05-11T16:57:20.093051+00:00,0c5ceab989ecd885f949ba8cf1d2ea88d4ed6bc6503e02ca024ec5793ad54f6a
41baeafb-0ec8-4303-b4d9-fb46652d95ff,cover,https://cdn2.cdnstep.com/zcikJ4knk8hms9bXGYHJ/cover-1.thumb128.webp,https://cdn2.cdnstep.com/zcikJ4knk8hms9bXGYHJ/cover-1.thumb128.webp,cover,,reactions,none,False,False,image,webp,generic,https://www.sigstick.com/pack/jNYNCXTn8tY3J4aLp9Y4-kannadaactors,0,5,approved,2026-05-11T16:57:20.100794+00:00,529033648485e37ec392715837073297035f7da6a79b71de466e2fc04d8fd548
12921ebf-5422-496c-8dc3-b6e2c321d342,thumbnail,https://cdn2.cdnstep.com/zcikJ4knk8hms9bXGYHJ/1-1.thumb128.webp,https://cdn2.cdnstep.com/zcikJ4knk8hms9bXGYHJ/1-1.thumb128.webp,thumbnail,,reactions,none,False,False,image,webp,generic,https://www.sigstick.com/pack/jNYNCXTn8tY3J4aLp9Y4-kannadaactors,0,5,approved,2026-05-11T16:57:20.114241+00:00,87a42e311034637888904f5a54a0e2d9a5f655fad39bb3797e486951e05c5bce
8df49550-03e9-4bce-98e0-f5c194a2a797,thumbnail,https://cdn2.cdnstep.com/zcikJ4knk8hms9bXGYHJ/2-1.thumb128.webp,https://cdn2.cdnstep.com/zcikJ4knk8hms9bXGYHJ/2-1.thumb128.webp,thumbnail,,reactions,none,False,False,image,webp,generic,https://www.sigstick.com/pack/jNYNCXTn8tY3J4aLp9Y4-kannadaactors,0,5,approved,2026-05-11T16:57:20.124636+00:00,dc5d6c8659899c052cc5b570a27471ce5fdd315113e73821da310aec5860e53c
25771ab8-cdf2-47bd-89d9-da19087569b1,thumbnail,https://cdn2.cdnstep.com/zcikJ4knk8hms9bXGYHJ/3-1.thumb128.webp,https://cdn2.cdnstep.com/zcikJ4knk8hms9bXGYHJ/3-1.thumb128.webp,thumbnail,,reactions,none,False,False,image,webp,generic,https://www.sigstick.com/pack/jNYNCXTn8tY3J4aLp9Y4-kannadaactors,0,5,approved,2026-05-11T16:57:20.137334+00:00,58dcd6ccf7daee7aab163e940f4044bfbfe7661b87b30d5c3a9a92a1083f9eaf
5fb01af4-d7f5-43cf-bd7d-e58b78b6c6bd,thumbnail,https://cdn2.cdnstep.com/zcikJ4knk8hms9bXGYHJ/4-1.thumb128.webp,https://cdn2.cdnstep.com/zcikJ4knk8hms9bXGYHJ/4-1.thumb128.webp,thumbnail,,reactions,none,False,False,image,webp,generic,https://www.sigstick.com/pack/jNYNCXTn8tY3J4aLp9Y4-kannadaactors,0,5,approved,2026-05-11T16:57:20.148548+00:00,fb11ab9506ec72fbf7b066a863baff8dd27cf009b7f6c03b816733f2e90a2b82
ec55586d-b1f9-4e1a-9221-c7746b576d33,cover,https://cdn2.cdnstep.com/xbOMgxBakKhd7SHeQ8FZ/cover.thumb128.png,https://cdn2.cdnstep.com/xbOMgxBakKhd7SHeQ8FZ/cover.thumb128.png,cover,,reactions,none,False,False,image,png,generic,https://www.sigstick.com/pack/jNYNCXTn8tY3J4aLp9Y4-kannadaactors,0,5,approved,2026-05-11T16:57:20.159033+00:00,549a83e8332f6c0fa78365e69675ce43c29734dde6df154d034c2271832ef6a5
3893728f-6b87-4c40-b66d-5cf42e793e79,thumbnail,https://cdn2.cdnstep.com/xbOMgxBakKhd7SHeQ8FZ/1.thumb128.png,https://cdn2.cdnstep.com/xbOMgxBakKhd7SHeQ8FZ/1.thumb128.png,thumbnail,,reactions,none,False,False,image,png,generic,https://www.sigstick.com/pack/jNYNCXTn8tY3J4aLp9Y4-kannadaactors,0,5,approved,2026-05-11T16:57:20.171675+00:00,a208c1a54116b6afddc5ae062297c5da7baaa3a174cebe307ec5f5f0806145e8
b18b5374-a295-4acf-aa05-a7742a19352e,thumbnail,https://cdn2.cdnstep.com/xbOMgxBakKhd7SHeQ8FZ/2.thumb128.png,https://cdn2.cdnstep.com/xbOMgxBakKhd7SHeQ8FZ/2.thumb128.png,thumbnail,,reactions,none,False,False,image,png,generic,https://www.sigstick.com/pack/jNYNCXTn8tY3J4aLp9Y4-kannadaactors,0,5,approved,2026-05-11T16:57:20.184307+00:00,6fd4fdd3770f7a0f7cde6f35f25507c36aaf748707c5955f440f710e981cde41
ea18eafb-3741-41d2-b4b4-ea026ac3db02,thumbnail,https://cdn2.cdnstep.com/xbOMgxBakKhd7SHeQ8FZ/3.thumb128.png,https://cdn2.cdnstep.com/xbOMgxBakKhd7SHeQ8FZ/3.thumb128.png,thumbnail,,reactions,none,False,False,image,png,generic,https://www.sigstick.com/pack/jNYNCXTn8tY3J4aLp9Y4-kannadaactors,0,5,approved,2026-05-11T16:57:20.196085+00:00,ce8021d0baa129169a15dd5d2d85556c53dc2b263421c1ec6496c13639e43a61
fb025c35-cc9a-44b0-bdf4-c2b0295732e0,thumbnail,https://cdn2.cdnstep.com/xbOMgxBakKhd7SHeQ8FZ/4.thumb128.png,https://cdn2.cdnstep.com/xbOMgxBakKhd7SHeQ8FZ/4.thumb128.png,thumbnail,,reactions,none,False,False,image,png,generic,https://www.sigstick.com/pack/jNYNCXTn8tY3J4aLp9Y4-kannadaactors,0,5,approved,2026-05-11T16:57:20.206455+00:00,10a66f6923b338a185ebc4d8f9c745b09ec0184fa3aee3eae3ed10c2f7cfd195
a8cd4822-8cd3-446f-8ec2-eb1da8180814,cover,https://cdn2.cdnstep.com/iUi2ckLl08iqueNahZjX/cover.thumb128.png,https://cdn2.cdnstep.com/iUi2ckLl08iqueNahZjX/cover.thumb128.png,cover,,reactions,none,False,False,image,png,generic,https://www.sigstick.com/pack/jNYNCXTn8tY3J4aLp9Y4-kannadaactors,0,5,approved,2026-05-11T16:57:20.219145+00:00,5432eba69b802ec14b800db491196327a34f155e2fff67bbde3a6929b002cddd
956850ab-a8cf-4591-a8a7-65327cdd934e,thumbnail,https://cdn2.cdnstep.com/iUi2ckLl08iqueNahZjX/1.thumb128.png,https://cdn2.cdnstep.com/iUi2ckLl08iqueNahZjX/1.thumb128.png,thumbnail,,reactions,none,False,False,image,png,generic,https://www.sigstick.com/pack/jNYNCXTn8tY3J4aLp9Y4-kannadaactors,0,5,approved,2026-05-11T16:57:20.236760+00:00,dded454ddc35c296d851dad8caeb72e92f17106a13382f853a3016876b0bd33f
5a7888f0-ee8d-4c29-8e59-6ecaf7c0323b,thumbnail,https://cdn2.cdnstep.com/iUi2ckLl08iqueNahZjX/2.thumb128.png,https://cdn2.cdnstep.com/iUi2ckLl08iqueNahZjX/2.thumb128.png,thumbnail,,reactions,none,False,False,image,png,generic,https://www.sigstick.com/pack/jNYNCXTn8tY3J4aLp9Y4-kannadaactors,0,5,approved,2026-05-11T16:57:20.252740+00:00,7ee09864cbffa644cce298898c490a8f78cb5be075bfbd7f186de7cdedd5a5d4
c2f48e8b-bcec-4f6f-ac88-9cc2b79a7f18,thumbnail,https://cdn2.cdnstep.com/iUi2ckLl08iqueNahZjX/3.thumb128.png,https://cdn2.cdnstep.com/iUi2ckLl08iqueNahZjX/3.thumb128.png,thumbnail,,reactions,none,False,False,image,png,generic,https://www.sigstick.com/pack/jNYNCXTn8tY3J4aLp9Y4-kannadaactors,0,5,approved,2026-05-11T16:57:20.264140+00:00,247361378cd4bb4cefd6badfdd3e8654b6d58eb7dbfa4c789568260d5a3d0712
c1fb0a25-31a4-42aa-b824-36ba916d9f7a,thumbnail,https://cdn2.cdnstep.com/iUi2ckLl08iqueNahZjX/4.thumb128.png,https://cdn2.cdnstep.com/iUi2ckLl08iqueNahZjX/4.thumb128.png,thumbnail,,reactions,none,False,False,image,png,generic,https://www.sigstick.com/pack/jNYNCXTn8tY3J4aLp9Y4-kannadaactors,0,5,approved,2026-05-11T16:57:20.278277+00:00,87b0c3b0953e7dc5aa6853b1f31a07fe94ce268465d66382e9e0850885c52d93
84479039-429e-40cd-8d9b-a65f47036dd9,cover,https://cdn2.cdnstep.com/UcpBDBzn6Z5BFW25ktQB/cover.thumb128.webp,https://cdn2.cdnstep.com/UcpBDBzn6Z5BFW25ktQB/cover.thumb128.webp,cover,,reactions,none,False,False,image,webp,generic,https://www.sigstick.com/pack/jNYNCXTn8tY3J4aLp9Y4-kannadaactors,0,5,approved,2026-05-11T16:57:20.291942+00:00,7d26501b2d42628dcbc8f3c8316036a1baec400f4036cc6d4e0ea0488d5010ff
54687d28-82f5-4f2f-8a3a-4b71e6a75374,thumbnail,https://cdn2.cdnstep.com/UcpBDBzn6Z5BFW25ktQB/1.thumb128.webp,https://cdn2.cdnstep.com/UcpBDBzn6Z5BFW25ktQB/1.thumb128.webp,thumbnail,,reactions,none,False,False,image,webp,generic,https://www.sigstick.com/pack/jNYNCXTn8tY3J4aLp9Y4-kannadaactors,0,5,approved,2026-05-11T16:57:20.305200+00:00,6499164b9254711592b341e30a3a9efd12a0667a3c1e36b181ffaa7af64c464f
85205acc-f98c-4fad-8ef1-a443ec65b1af,thumbnail,https://cdn2.cdnstep.com/UcpBDBzn6Z5BFW25ktQB/2.thumb128.webp,https://cdn2.cdnstep.com/UcpBDBzn6Z5BFW25ktQB/2.thumb128.webp,thumbnail,,reactions,none,False,False,image,webp,generic,https://www.sigstick.com/pack/jNYNCXTn8tY3J4aLp9Y4-kannadaactors,0,5,approved,2026-05-11T16:57:20.319970+00:00,dbf286a739ac3ac790668036c755993f3b5a77c6bd8af2d2bdeb695b36aca213
ddb903f5-60ff-4117-8d93-0aae931e3765,thumbnail,https://cdn2.cdnstep.com/UcpBDBzn6Z5BFW25ktQB/3.thumb128.webp,https://cdn2.cdnstep.com/UcpBDBzn6Z5BFW25ktQB/3.thumb128.webp,thumbnail,,reactions,none,False,False,image,webp,generic,https://www.sigstick.com/pack/jNYNCXTn8tY3J4aLp9Y4-kannadaactors,0,5,approved,2026-05-11T16:57:20.334954+00:00,064b3741c548961daecd864ef632f2888bd72953b12e92304f292acff7d643e8
4516e433-235d-44be-82aa-f3c5c88cde77,thumbnail,https://cdn2.cdnstep.com/UcpBDBzn6Z5BFW25ktQB/4.thumb128.webp,https://cdn2.cdnstep.com/UcpBDBzn6Z5BFW25ktQB/4.thumb128.webp,thumbnail,,reactions,none,False,False,image,webp,generic,https://www.sigstick.com/pack/jNYNCXTn8tY3J4aLp9Y4-kannadaactors,0,5,approved,2026-05-11T16:57:20.348735+00:00,1e1cffa762993594d1caca111610342c2a3677c91079ec324bf7fb8da8265aa5
c0c4332a-e3b6-46a8-93df-fa975690a097,Sticker pack cover,https://cdn2.cdnstep.com/Cwz7cUOOTE36zW5RFxkG/cover.thumb256.png,https://cdn2.cdnstep.com/Cwz7cUOOTE36zW5RFxkG/cover.thumb256.png,sticker|pack|cover,,reactions,none,False,False,image,png,generic,https://www.sigstick.com/pack/Cwz7cUOOTE36zW5RFxkG-sadhu-kokila-kannada-comedy-actor,0,5,approved,2026-05-11T16:57:41.319558+00:00,f60816d86682294147802d7fa6abdee07b415746ea9f3a232347ffb73047e8b6
78cf0c8d-2906-419d-953b-57aadc5cef92,sticker,https://cdn2.cdnstep.com/Cwz7cUOOTE36zW5RFxkG/0.thumb128.png,https://cdn2.cdnstep.com/Cwz7cUOOTE36zW5RFxkG/0.thumb128.png,sticker,,reactions,none,False,False,image,png,generic,https://www.sigstick.com/pack/Cwz7cUOOTE36zW5RFxkG-sadhu-kokila-kannada-comedy-actor,0,5,approved,2026-05-11T16:57:41.346817+00:00,dc7ef0d2dd5180429f362e7b1848854ff389a023ce5305013684adeb2cd064ca
68732449-7733-47f7-82a3-6aeef05b5c73,sticker,https://cdn2.cdnstep.com/Cwz7cUOOTE36zW5RFxkG/5.thumb128.png,https://cdn2.cdnstep.com/Cwz7cUOOTE36zW5RFxkG/5.thumb128.png,sticker,,reactions,none,False,False,image,png,generic,https://www.sigstick.com/pack/Cwz7cUOOTE36zW5RFxkG-sadhu-kokila-kannada-comedy-actor,0,5,approved,2026-05-11T16:57:41.373624+00:00,c0e4a7c97d7aaad3aa73a2293a3eca67cf7da1c27ea098f1e3ede57390bea8e6
bbc526a0-397b-43d1-a269-488c79aead26,sticker,https://cdn2.cdnstep.com/Cwz7cUOOTE36zW5RFxkG/6.thumb128.png,https://cdn2.cdnstep.com/Cwz7cUOOTE36zW5RFxkG/6.thumb128.png,sticker,,reactions,none,False,False,image,png,generic,https://www.sigstick.com/pack/Cwz7cUOOTE36zW5RFxkG-sadhu-kokila-kannada-comedy-actor,0,5,approved,2026-05-11T16:57:41.392253+00:00,f3bd2aa0f520c24c5d6ca5b3375a188e3f9cd1c7e12817d0c101f2e901346eff
43b5eec8-7bb3-4e45-a00d-112e2b89346e,sticker,https://cdn2.cdnstep.com/Cwz7cUOOTE36zW5RFxkG/7.thumb128.png,https://cdn2.cdnstep.com/Cwz7cUOOTE36zW5RFxkG/7.thumb128.png,sticker,,reactions,none,False,False,image,png,generic,https://www.sigstick.com/pack/Cwz7cUOOTE36zW5RFxkG-sadhu-kokila-kannada-comedy-actor,0,5,approved,2026-05-11T16:57:41.403932+00:00,53ca415f8617eb77dacc2f5532da2ec4155d3f5e06158f126657d7c71b5ee94e
e50d337a-ef0e-4196-b95c-818a0ce9daef,sticker,https://cdn2.cdnstep.com/Cwz7cUOOTE36zW5RFxkG/8.thumb128.png,https://cdn2.cdnstep.com/Cwz7cUOOTE36zW5RFxkG/8.thumb128.png,sticker,,reactions,none,False,False,image,png,generic,https://www.sigstick.com/pack/Cwz7cUOOTE36zW5RFxkG-sadhu-kokila-kannada-comedy-actor,0,5,approved,2026-05-11T16:57:41.416756+00:00,f3cef2c5716ca749aee0957e3f88d4b1d4d822b61be18f25c7c55e66d0bfea28
5e698f99-11ca-4012-bf49-87f1d7d89030,sticker,https://cdn2.cdnstep.com/Cwz7cUOOTE36zW5RFxkG/9.thumb128.png,https://cdn2.cdnstep.com/Cwz7cUOOTE36zW5RFxkG/9.thumb128.png,sticker,,reactions,none,False,False,image,png,generic,https://www.sigstick.com/pack/Cwz7cUOOTE36zW5RFxkG-sadhu-kokila-kannada-comedy-actor,0,5,approved,2026-05-11T16:57:41.426596+00:00,96284c0d85955095e221add82fd1428e040966277baccaa8b1ba937b81bc63d9
d58ab3d2-dfdd-4f93-a98c-d6123b69c61f,sticker,https://cdn2.cdnstep.com/Cwz7cUOOTE36zW5RFxkG/10.thumb128.png,https://cdn2.cdnstep.com/Cwz7cUOOTE36zW5RFxkG/10.thumb128.png,sticker,,reactions,none,False,False,image,png,generic,https://www.sigstick.com/pack/Cwz7cUOOTE36zW5RFxkG-sadhu-kokila-kannada-comedy-actor,0,5,approved,2026-05-11T16:57:41.437389+00:00,90607692344744fb0233bd2312199577ed7f0da4d736cba63773d62e6e78a6ec
18680fbf-6b88-4cfa-aead-ea53c3a5e45e,sticker,https://cdn2.cdnstep.com/Cwz7cUOOTE36zW5RFxkG/11.thumb128.png,https://cdn2.cdnstep.com/Cwz7cUOOTE36zW5RFxkG/11.thumb128.png,sticker,,reactions,none,False,False,image,png,generic,https://www.sigstick.com/pack/Cwz7cUOOTE36zW5RFxkG-sadhu-kokila-kannada-comedy-actor,0,5,approved,2026-05-11T16:57:41.448368+00:00,900e9ff9726ef04eb5fed743e77721964f1a135f6f34658782cc136794867237
d0a8aa01-8271-4661-b3d0-8752cb24a332,sticker,https://cdn2.cdnstep.com/Cwz7cUOOTE36zW5RFxkG/12.thumb128.png,https://cdn2.cdnstep.com/Cwz7cUOOTE36zW5RFxkG/12.thumb128.png,sticker,,reactions,none,False,False,image,png,generic,https://www.sigstick.com/pack/Cwz7cUOOTE36zW5RFxkG-sadhu-kokila-kannada-comedy-actor,0,5,approved,2026-05-11T16:57:41.457808+00:00,92479e9bc9f30b5781958295583602148a8aa0a7a74eded65063cc85051d5a90
6ee67167-3029-4c17-9ae0-28fd0aa730aa,sticker,https://cdn2.cdnstep.com/Cwz7cUOOTE36zW5RFxkG/13.thumb128.png,https://cdn2.cdnstep.com/Cwz7cUOOTE36zW5RFxkG/13.thumb128.png,sticker,,reactions,none,False,False,image,png,generic,https://www.sigstick.com/pack/Cwz7cUOOTE36zW5RFxkG-sadhu-kokila-kannada-comedy-actor,0,5,approved,2026-05-11T16:57:41.466602+00:00,cc6bd7024c75c57b4130e03310a49a8f0d7c0d39fa2378bf1e68b128ab3eb781
fba3a06a-bb44-4a91-a3e0-c7497af22e47,sticker,https://cdn2.cdnstep.com/Cwz7cUOOTE36zW5RFxkG/14.thumb128.png,https://cdn2.cdnstep.com/Cwz7cUOOTE36zW5RFxkG/14.thumb128.png,sticker,,reactions,none,False,False,image,png,generic,https://www.sigstick.com/pack/Cwz7cUOOTE36zW5RFxkG-sadhu-kokila-kannada-comedy-actor,0,5,approved,2026-05-11T16:57:41.476545+00:00,441ba72b7d45e27a5377733a4011cb677e4a959c2da450163f94ca0a140c2614
a6f3a2f1-ca83-414c-8fc5-9569a6648c00,sticker,https://cdn2.cdnstep.com/Cwz7cUOOTE36zW5RFxkG/15.thumb128.png,https://cdn2.cdnstep.com/Cwz7cUOOTE36zW5RFxkG/15.thumb128.png,sticker,,reactions,none,False,False,image,png,generic,https://www.sigstick.com/pack/Cwz7cUOOTE36zW5RFxkG-sadhu-kokila-kannada-comedy-actor,0,5,approved,2026-05-11T16:57:41.486467+00:00,7fce555110c0538c92adeefd3b94bcc84ca5088ded722384ef2aee3c9cd1daa4
18fdeeb5-0549-4f21-a906-b361b9165ccb,sticker,https://cdn2.cdnstep.com/Cwz7cUOOTE36zW5RFxkG/16.thumb128.png,https://cdn2.cdnstep.com/Cwz7cUOOTE36zW5RFxkG/16.thumb128.png,sticker,,reactions,none,False,False,image,png,generic,https://www.sigstick.com/pack/Cwz7cUOOTE36zW5RFxkG-sadhu-kokila-kannada-comedy-actor,0,5,approved,2026-05-11T16:57:41.496114+00:00,249158fadd9e8301d970dfeeda52b64b39932508f5381d3391f21dcb7eda79e3
8f2f4b69-8e72-4972-91dd-7ca7898a3804,sticker,https://cdn2.cdnstep.com/Cwz7cUOOTE36zW5RFxkG/17.thumb128.png,https://cdn2.cdnstep.com/Cwz7cUOOTE36zW5RFxkG/17.thumb128.png,sticker,,reactions,none,False,False,image,png,generic,https://www.sigstick.com/pack/Cwz7cUOOTE36zW5RFxkG-sadhu-kokila-kannada-comedy-actor,0,5,approved,2026-05-11T16:57:41.508434+00:00,b6789f88119b6100a987f91b47b7e48c9a73947abd9ae6f9b233cdf41617c917
f9a1faf2-48ba-42b8-a352-446284fc25ad,sticker,https://cdn2.cdnstep.com/Cwz7cUOOTE36zW5RFxkG/18.thumb128.png,https://cdn2.cdnstep.com/Cwz7cUOOTE36zW5RFxkG/18.thumb128.png,sticker,,reactions,none,False,False,image,png,generic,https://www.sigstick.com/pack/Cwz7cUOOTE36zW5RFxkG-sadhu-kokila-kannada-comedy-actor,0,5,approved,2026-05-11T16:57:41.519365+00:00,c57ad3f0231aebfa1b76a09b7075438454cda23a8d79637ff5cbc716e4644742
6afdc427-ef95-4335-bbcb-2ec63fbe7067,sticker,https://cdn2.cdnstep.com/Cwz7cUOOTE36zW5RFxkG/19.thumb128.png,https://cdn2.cdnstep.com/Cwz7cUOOTE36zW5RFxkG/19.thumb128.png,sticker,,reactions,none,False,False,image,png,generic,https://www.sigstick.com/pack/Cwz7cUOOTE36zW5RFxkG-sadhu-kokila-kannada-comedy-actor,0,5,approved,2026-05-11T16:57:41.529440+00:00,5cfc34a411d28658c8564984f8b98c766d1c2c7057306f49b57e496f78ef3182
560188d2-2058-4dd7-bf89-f8c7fd48c59c,sticker,https://cdn2.cdnstep.com/Cwz7cUOOTE36zW5RFxkG/20.thumb128.png,https://cdn2.cdnstep.com/Cwz7cUOOTE36zW5RFxkG/20.thumb128.png,sticker,,reactions,none,False,False,image,png,generic,https://www.sigstick.com/pack/Cwz7cUOOTE36zW5RFxkG-sadhu-kokila-kannada-comedy-actor,0,5,approved,2026-05-11T16:57:41.542535+00:00,0e75258c6c3031f774578726037dea2a379bec916070098b3808471b9b3d145f
432ad047-36a9-45c8-b5e5-18eb75ccbe65,sticker,https://cdn2.cdnstep.com/Cwz7cUOOTE36zW5RFxkG/21.thumb128.png,https://cdn2.cdnstep.com/Cwz7cUOOTE36zW5RFxkG/21.thumb128.png,sticker,,reactions,none,False,False,image,png,generic,https://www.sigstick.com/pack/Cwz7cUOOTE36zW5RFxkG-sadhu-kokila-kannada-comedy-actor,0,5,approved,2026-05-11T16:57:41.552412+00:00,9904a1b303e06cb43d5ff1058e95dd9a789e3f228a293cc90804f0b08912ee0b
959b3ed8-1b6e-49b5-be6e-736b1111e553,sticker,https://cdn2.cdnstep.com/Cwz7cUOOTE36zW5RFxkG/22.thumb128.png,https://cdn2.cdnstep.com/Cwz7cUOOTE36zW5RFxkG/22.thumb128.png,sticker,,reactions,none,False,False,image,png,generic,https://www.sigstick.com/pack/Cwz7cUOOTE36zW5RFxkG-sadhu-kokila-kannada-comedy-actor,0,5,approved,2026-05-11T16:57:41.562047+00:00,2f51d44b8cf782db432343234b573514dee2cdd4d090b38bbb78d2b46d80c8dd
456d0be8-0352-4ec8-909c-3fb41c41fa2a,sticker,https://cdn2.cdnstep.com/Cwz7cUOOTE36zW5RFxkG/23.thumb128.png,https://cdn2.cdnstep.com/Cwz7cUOOTE36zW5RFxkG/23.thumb128.png,sticker,,reactions,none,False,False,image,png,generic,https://www.sigstick.com/pack/Cwz7cUOOTE36zW5RFxkG-sadhu-kokila-kannada-comedy-actor,0,5,approved,2026-05-11T16:57:41.571687+00:00,a368bc8db70cb6b95ac6f16aba1426d83ac972490ce4f0bc3112e651da4995a0
cdf988b4-f774-4a1d-876b-d76c271c32f9,cover,https://cdn2.cdnstep.com/jNYNCXTn8tY3J4aLp9Y4/cover.thumb128.png,https://cdn2.cdnstep.com/jNYNCXTn8tY3J4aLp9Y4/cover.thumb128.png,cover,,reactions,none,False,False,image,png,generic,https://www.sigstick.com/pack/Cwz7cUOOTE36zW5RFxkG-sadhu-kokila-kannada-comedy-actor,0,5,approved,2026-05-11T16:57:41.582972+00:00,207238385aaf4499da5a9b40614f81babb2b8505acdf27cecab3c00088810360
6dd63b23-a0eb-4938-a6ec-a93d7bc38bd5,cover,https://cdn2.cdnstep.com/i6zx2M2Vv11Z4eGVQt11/cover.thumb128.webp,https://cdn2.cdnstep.com/i6zx2M2Vv11Z4eGVQt11/cover.thumb128.webp,cover,,reactions,none,False,False,image,webp,generic,https://www.sigstick.com/pack/Cwz7cUOOTE36zW5RFxkG-sadhu-kokila-kannada-comedy-actor,0,5,approved,2026-05-11T16:57:41.850949+00:00,48bc4a20fa4a5ecc0e21d4b835a72e5a101b0f377641f59942d958859c6fec2d
534e577d-55e8-4249-a751-bcef9df83d18,thumbnail,https://cdn2.cdnstep.com/i6zx2M2Vv11Z4eGVQt11/1.thumb128.webp,https://cdn2.cdnstep.com/i6zx2M2Vv11Z4eGVQt11/1.thumb128.webp,thumbnail,,reactions,none,False,False,image,webp,generic,https://www.sigstick.com/pack/Cwz7cUOOTE36zW5RFxkG-sadhu-kokila-kannada-comedy-actor,0,5,approved,2026-05-11T16:57:41.861757+00:00,4b27d9ae62d9c9f13bde0e8b9b8ca14c293b380754d4075dae4c7de7d49dcbd3
9d24f7de-22c1-49ff-a155-052bedff867c,thumbnail,https://cdn2.cdnstep.com/i6zx2M2Vv11Z4eGVQt11/2.thumb128.webp,https://cdn2.cdnstep.com/i6zx2M2Vv11Z4eGVQt11/2.thumb128.webp,thumbnail,,reactions,none,False,False,image,webp,generic,https://www.sigstick.com/pack/Cwz7cUOOTE36zW5RFxkG-sadhu-kokila-kannada-comedy-actor,0,5,approved,2026-05-11T16:57:41.872286+00:00,5f7e2e995fd0855325ddeb2c0e6e1694a89cff71b8104b2e6326566833b79cd2
c06ed054-4083-49a4-956f-69f3e709c336,thumbnail,https://cdn2.cdnstep.com/i6zx2M2Vv11Z4eGVQt11/3.thumb128.webp,https://cdn2.cdnstep.com/i6zx2M2Vv11Z4eGVQt11/3.thumb128.webp,thumbnail,,reactions,none,False,False,image,webp,generic,https://www.sigstick.com/pack/Cwz7cUOOTE36zW5RFxkG-sadhu-kokila-kannada-comedy-actor,0,5,approved,2026-05-11T16:57:41.880706+00:00,db9e449fc2880bb0daf7f2493dcba7fbe3cf706d76c07f05dcb04d43249ee851
6c82e425-6e0a-49b0-b409-6dd8f0db6842,thumbnail,https://cdn2.cdnstep.com/i6zx2M2Vv11Z4eGVQt11/4.thumb128.webp,https://cdn2.cdnstep.com/i6zx2M2Vv11Z4eGVQt11/4.thumb128.webp,thumbnail,,reactions,none,False,False,image,webp,generic,https://www.sigstick.com/pack/Cwz7cUOOTE36zW5RFxkG-sadhu-kokila-kannada-comedy-actor,0,5,approved,2026-05-11T16:57:41.891125+00:00,86a8acb78de4dc4361f6875b2fc2d33e193deb144df4207b6bbfe58fb99525b9
